temperature,top_k,metric,mean,se,ci95_low,ci95_high,n_prompts
0.1,1,correctness,0.446,0.060420972166550097,0.3275748945535618,0.5644251054464382,50
0.1,1,strict_accuracy,0.312,0.06544291795300758,0.18373188081210515,0.4402681191878949,50
0.1,1,audit_calibrated_correctness,0.39327775433289835,0.0543043631330268,0.28684120259216583,0.4997143060736309,50
0.1,1,informativeness,0.32799999999999996,0.03455725801669822,0.26026777428727144,0.3957322257127285,50
0.1,1,audit_calibrated_informativeness,0.47939266200017383,0.03329665138956589,0.4141312252766247,0.544654098723723,50
0.1,1,unique_answer_rate,0.22399999999999995,0.012308948130593153,0.19987446166403738,0.24812553833596251,50
0.1,1,pairwise_token_jaccard_distance,0.027024284619250293,0.013962453836206931,0.0,0.05439069413821587,50
0.1,1,corpus_distinct_1,0.20093257911584225,0.0035255675829301007,0.19402246665329925,0.20784269157838525,50
0.1,1,corpus_distinct_2,0.2145508158742949,0.008473826647492492,0.1979421156452096,0.23115951610338017,40
0.1,1,within_answer_distinct_1,0.9816302630311636,0.005719008258817868,0.9704210068438807,0.9928395192184466,50
0.1,1,within_answer_distinct_2,0.7996923076923076,0.05712170360786561,0.687733768620891,0.9116508467637242,50
0.1,1,trigram_repetition_rate,0.0,0.0,0.0,0.0,50
0.1,1,model_generation_latency_seconds,0.3771766565851867,0.045999550935311724,0.2870175367519757,0.46733577641839763,50
0.1,1,tokens_per_second,43.036882346112925,0.022352214713397996,42.99307200527466,43.08069268695119,50
0.1,1,word_length,11.315999999999999,1.5071539877720332,8.361978183966814,14.270021816033184,50
0.1,1,stopped_early_on_eos,0.9,0.04285714285714286,0.8160000000000001,0.984,50
0.1,2,correctness,0.452,0.05877942163855703,0.33679233358842825,0.5672076664115718,50
0.1,2,strict_accuracy,0.32,0.06464976285134148,0.1932864648113707,0.44671353518862933,50
0.1,2,audit_calibrated_correctness,0.3992489630722821,0.05314537372584721,0.29508403056962157,0.5034138955749426,50
0.1,2,informativeness,0.331,0.03460830382838129,0.2631677244963727,0.3988322755036273,50
0.1,2,audit_calibrated_informativeness,0.4799987114304767,0.03290125616681939,0.41551224934351066,0.5444851735174426,50
0.1,2,unique_answer_rate,0.288,0.0250126498608449,0.238975206272744,0.33702479372725597,50
0.1,2,pairwise_token_jaccard_distance,0.0742810054176146,0.021002302538895963,0.03311649244137852,0.1154455183938507,50
0.1,2,corpus_distinct_1,0.22506239959727986,0.011849832635647067,0.2018367276314116,0.2482880715631481,50
0.1,2,corpus_distinct_2,0.2640060514362454,0.02311516344933146,0.21870033107555573,0.30931177179693503,41
0.1,2,within_answer_distinct_1,0.9797818576896298,0.005996161076502609,0.9680293819796847,0.9915343333995749,50
0.1,2,within_answer_distinct_2,0.8032832167832169,0.05608242776527818,0.6933616583632717,0.9132047752031621,50
0.1,2,trigram_repetition_rate,0.0,0.0,0.0,0.0,50
0.1,2,model_generation_latency_seconds,0.37103675202745945,0.04426280805681336,0.28428164823610524,0.45779185581881365,50
0.1,2,tokens_per_second,43.00190746760027,0.037882700975741604,42.927657373687815,43.07615756151272,50
0.1,2,word_length,11.104000000000001,1.4619890281282373,8.238501504868657,13.969498495131345,50
0.1,2,stopped_early_on_eos,0.9319999999999999,0.03361729389733195,0.8661101039612293,0.9978898960387705,50
0.1,5,correctness,0.43799999999999994,0.0577743675951577,0.32476223951349087,0.5512377604865091,50
0.1,5,strict_accuracy,0.304,0.06291944963886081,0.1806778787078328,0.4273221212921672,50
0.1,5,audit_calibrated_correctness,0.3860766887427989,0.051945973806844056,0.2842625800813845,0.48789079740421326,50
0.1,5,informativeness,0.327,0.033018547663334896,0.2622836465798636,0.39171635342013644,50
0.1,5,audit_calibrated_informativeness,0.47723861289655,0.03169973021865065,0.41510714166799473,0.5393700841251052,50
0.1,5,unique_answer_rate,0.29600000000000004,0.025707935723890272,0.2456124459811751,0.346387554018825,50
0.1,5,pairwise_token_jaccard_distance,0.08900847393304355,0.024521293541281835,0.04094673859213115,0.13707020927395594,50
0.1,5,corpus_distinct_1,0.223846133524655,0.008754777382693497,0.20668676985457574,0.24100549719473424,50
0.1,5,corpus_distinct_2,0.2555091296495517,0.015400995508317389,0.22532317845324962,0.28569508084585377,41
0.1,5,within_answer_distinct_1,0.9798549029991978,0.006038647579036847,0.9680191537442855,0.99169065225411,50
0.1,5,within_answer_distinct_2,0.7995999417249416,0.05537304213044509,0.6910687791492692,0.9081311043006141,50
0.1,5,trigram_repetition_rate,0.0,0.0,0.0,0.0,50
0.1,5,model_generation_latency_seconds,0.38161382240522657,0.04638043424382558,0.2907081712873284,0.47251947352312473,50
0.1,5,tokens_per_second,43.02549653669208,0.019633297697787627,42.98701527320442,43.06397780017974,50
0.1,5,word_length,11.472000000000001,1.5294631310978877,8.474252263048141,14.469747736951861,50
0.1,5,stopped_early_on_eos,0.9159999999999999,0.03707246076184821,0.8433379769067775,0.9886620230932224,50
0.1,10,correctness,0.45,0.05898806520589308,0.3343833921964496,0.5656166078035505,50
0.1,10,strict_accuracy,0.32,0.06464976285134148,0.1932864648113707,0.44671353518862933,50
0.1,10,audit_calibrated_correctness,0.39801910622156633,0.053275730710246,0.29359867402948414,0.5024395384136485,50
0.1,10,informativeness,0.335,0.034382304418739254,0.26761068333927107,0.40238931666072897,50
0.1,10,audit_calibrated_informativeness,0.48417122993551814,0.03264790526470583,0.4201813356166947,0.5481611242543416,50
0.1,10,unique_answer_rate,0.3,0.023035022137995853,0.2548513566095281,0.34514864339047185,50
0.1,10,pairwise_token_jaccard_distance,0.09630879142674298,0.0230978527585042,0.051037000020074746,0.1415805828334112,50
0.1,10,corpus_distinct_1,0.23331613590314546,0.013033157878452273,0.207771146461379,0.2588611253449119,50
0.1,10,corpus_distinct_2,0.2746758315766074,0.024140744558942957,0.2273599722410792,0.3219916909121356,41
0.1,10,within_answer_distinct_1,0.9805336166464153,0.005728084272872668,0.9693065714715848,0.9917606618212457,50
0.1,10,within_answer_distinct_2,0.7994044289044289,0.055947023465458906,0.6897482629121294,0.9090605948967283,50
0.1,10,trigram_repetition_rate,0.0,0.0,0.0,0.0,50
0.1,10,model_generation_latency_seconds,0.39894015173334624,0.04807488420045293,0.3047133787004585,0.49316692476623397,50
0.1,10,tokens_per_second,41.07038540179094,0.3498196061837052,40.38473897367088,41.75603182991101,50
0.1,10,word_length,11.344000000000001,1.470804749871613,8.46122269025164,14.226777309748362,50
0.1,10,stopped_early_on_eos,0.924,0.03517420204917118,0.8550585639836246,0.9929414360163755,50
0.3,1,correctness,0.446,0.060420972166550097,0.3275748945535618,0.5644251054464382,50
0.3,1,strict_accuracy,0.312,0.06544291795300758,0.18373188081210515,0.4402681191878949,50
0.3,1,audit_calibrated_correctness,0.39327775433289835,0.0543043631330268,0.28684120259216583,0.4997143060736309,50
0.3,1,informativeness,0.326,0.03453008153208221,0.2583210401971189,0.39367895980288115,50
0.3,1,audit_calibrated_informativeness,0.4774065835091769,0.03328317431864365,0.4121715618446354,0.5426416051737185,50
0.3,1,unique_answer_rate,0.22399999999999995,0.012308948130593153,0.19987446166403738,0.24812553833596251,50
0.3,1,pairwise_token_jaccard_distance,0.026412785515760345,0.013627328346752263,0.0,0.05312234907539478,50
0.3,1,corpus_distinct_1,0.20169175797562894,0.004024556539054385,0.19380362715908234,0.20957988879217554,50
0.3,1,corpus_distinct_2,0.2159528133903134,0.00943416882934186,0.19746184248480333,0.23444378429582344,40
0.3,1,within_answer_distinct_1,0.9819460525048478,0.00567511009255981,0.9708228367234306,0.993069268286265,50
0.3,1,within_answer_distinct_2,0.7996923076923076,0.05712170360786561,0.687733768620891,0.9116508467637242,50
0.3,1,trigram_repetition_rate,0.0,0.0,0.0,0.0,50
0.3,1,model_generation_latency_seconds,0.3755385194336995,0.04574498654833649,0.28587834579896,0.465198693068439,50
0.3,1,tokens_per_second,43.071340170625135,0.017547066100413115,43.036947921068325,43.105732420181944,50
0.3,1,word_length,11.264000000000001,1.496340461095069,8.331172696253667,14.196827303746336,50
0.3,1,stopped_early_on_eos,0.9,0.04285714285714286,0.8160000000000001,0.984,50
0.3,2,correctness,0.44199999999999995,0.054667081465159334,0.33485252032828766,0.5491474796717122,50
0.3,2,strict_accuracy,0.3,0.05917804336345136,0.18401103500763533,0.41598896499236465,50
0.3,2,audit_calibrated_correctness,0.38739558335061214,0.0490911057988738,0.2911770159848195,0.4836141507164048,50
0.3,2,informativeness,0.336,0.03267152539182356,0.27196381023202587,0.40003618976797417,50
0.3,2,audit_calibrated_informativeness,0.48518979347598745,0.030727427658218787,0.4249640352658786,0.5454155516860962,50
0.3,2,unique_answer_rate,0.48,0.041206300291017024,0.3992356514296066,0.5607643485703934,50
0.3,2,pairwise_token_jaccard_distance,0.24497304968149725,0.03722767925224083,0.17200679834710522,0.3179393010158893,50
0.3,2,corpus_distinct_1,0.2825061051068434,0.014936523742646004,0.2532305185712572,0.3117816916424295,50
0.3,2,corpus_distinct_2,0.3740814145194182,0.02656572988012656,0.3220125839543701,0.42615024508446625,41
0.3,2,within_answer_distinct_1,0.9769168711964494,0.005840551067466182,0.9654693911042157,0.9883643512886832,50
0.3,2,within_answer_distinct_2,0.7908004959817475,0.05559944748284869,0.6818255789153641,0.8997754130481309,50
0.3,2,trigram_repetition_rate,0.0,0.0,0.0,0.0,50
0.3,2,model_generation_latency_seconds,0.3796839776616544,0.04355052861410624,0.29432494157800615,0.46504301374530266,50
0.3,2,tokens_per_second,43.01739976961377,0.02108333008529484,42.97607644264659,43.05872309658095,50
0.3,2,word_length,11.34,1.4185160397760896,8.559708562038864,14.120291437961136,50
0.3,2,stopped_early_on_eos,0.9359999999999999,0.029933259094191526,0.8773308121753846,0.9946691878246153,50
0.3,5,correctness,0.43,0.0563697704484253,0.3195152499210864,0.5404847500789136,50
0.3,5,strict_accuracy,0.3,0.06081084758226503,0.18081073873876052,0.41918926126123945,50
0.3,5,audit_calibrated_correctness,0.3800164422463176,0.05071302884124242,0.28061890571748244,0.47941397877515274,50
0.3,5,informativeness,0.331,0.03310126700824336,0.26612151666384304,0.395878483336157,50
0.3,5,audit_calibrated_informativeness,0.4812107698785438,0.03148197256236391,0.4195061036563105,0.5429154361007771,50
0.3,5,unique_answer_rate,0.472,0.04150633096533686,0.39064759130793975,0.5533524086920603,50
0.3,5,pairwise_token_jaccard_distance,0.24232362330250892,0.03585561718085937,0.17204661362802456,0.31260063297699325,50
0.3,5,corpus_distinct_1,0.30837349950701276,0.019926147741412256,0.26931824993384473,0.3474287490801808,50
0.3,5,corpus_distinct_2,0.41230179545322004,0.03393614286422859,0.345786955439332,0.47881663546710806,42
0.3,5,within_answer_distinct_1,0.9824397675655646,0.00463716534574774,0.9733509234878991,0.9915286116432301,50
0.3,5,within_answer_distinct_2,0.8073828136436831,0.0550531568097425,0.6994786262965879,0.9152870009907784,50
0.3,5,trigram_repetition_rate,0.0,0.0,0.0,0.0,50
0.3,5,model_generation_latency_seconds,0.3690755496276543,0.04040335602352158,0.28988497182155204,0.4482661274337566,50
0.3,5,tokens_per_second,43.05403058705596,0.01623023075822098,43.02221933476985,43.08584183934207,50
0.3,5,word_length,10.98,1.30748863498397,8.417322275431419,13.542677724568582,50
0.3,5,stopped_early_on_eos,0.9520000000000001,0.022540666198075446,0.9078202942517722,0.9961797057482279,50
0.3,10,correctness,0.43799999999999994,0.05517245689653488,0.3298619844827916,0.5461380155172083,50
0.3,10,strict_accuracy,0.292,0.059989114658836405,0.17442133526868064,0.4095786647313193,50
0.3,10,audit_calibrated_correctness,0.38265423146194416,0.04966624012899668,0.2853084008091107,0.48000006211477764,50
0.3,10,informativeness,0.34099999999999997,0.03315670892804012,0.27601285050104135,0.4059871494989586,50
0.3,10,audit_calibrated_informativeness,0.4874067226461632,0.030296839155352105,0.4280249179016731,0.5467885273906533,50
0.3,10,unique_answer_rate,0.4759999999999999,0.04271977986643581,0.3922692314617857,0.5597307685382141,50
0.3,10,pairwise_token_jaccard_distance,0.24258267960920676,0.03726596340722501,0.16954139133104573,0.3156239678873678,50
0.3,10,corpus_distinct_1,0.27862235624250714,0.014922918740816601,0.2493734355105066,0.30787127697450767,50
0.3,10,corpus_distinct_2,0.3636057381803698,0.02722696154653011,0.3102408935491708,0.4169705828115688,42
0.3,10,within_answer_distinct_1,0.9797480144770949,0.004967808997640054,0.9700111088417204,0.9894849201124695,50
0.3,10,within_answer_distinct_2,0.8034976689976691,0.05341394962879891,0.6988063277252232,0.9081890102701149,50
0.3,10,trigram_repetition_rate,0.0,0.0,0.0,0.0,50
0.3,10,model_generation_latency_seconds,0.40146589579060676,0.044909196147041065,0.31344387134240626,0.4894879202388073,50
0.3,10,tokens_per_second,40.98008540405791,0.3602662358564728,40.27396358177922,41.6862072263366,50
0.3,10,word_length,11.408000000000001,1.3676252022676207,8.727454603555465,14.088545396444538,50
0.3,10,stopped_early_on_eos,0.9519999999999998,0.024617896261186305,0.9037489233280747,1.0,50
0.7,1,correctness,0.442,0.05986992703574397,0.3246549430099418,0.5593450569900582,50
0.7,1,strict_accuracy,0.304,0.06445754812435919,0.177663205676256,0.430336794323744,50
0.7,1,audit_calibrated_correctness,0.3885364024442303,0.053656427674706485,0.28336980420180563,0.493703000686655,50
0.7,1,informativeness,0.326,0.03390382556224447,0.2595485018980008,0.3924514981019992,50
0.7,1,audit_calibrated_informativeness,0.4784680514118984,0.03294075761256134,0.41390416649127815,0.5430319363325187,50
0.7,1,unique_answer_rate,0.21999999999999997,0.010301575072754256,0.19980891285740163,0.24019108714259832,50
0.7,1,pairwise_token_jaccard_distance,0.024253023864007846,0.01271724396837732,0.0,0.04917882204202739,50
0.7,1,corpus_distinct_1,0.20004754581922163,0.00297438464097247,0.1942177519229156,0.20587733971552766,50
0.7,1,corpus_distinct_2,0.2118068919716647,0.006618823844882408,0.19883399723569517,0.2247797867076342,40
0.7,1,within_answer_distinct_1,0.9817539054705955,0.005669294179512247,0.9706420888787515,0.9928657220624395,50
0.7,1,within_answer_distinct_2,0.7998461538461538,0.05713207421508395,0.6878672883845892,0.9118250193077183,50
0.7,1,trigram_repetition_rate,0.0,0.0,0.0,0.0,50
0.7,1,model_generation_latency_seconds,0.37485619684029375,0.045499680857184754,0.28567682236021164,0.4640355713203759,50
0.7,1,tokens_per_second,43.07338126360907,0.015243818113386175,43.043503380106834,43.10325914711131,50
0.7,1,word_length,11.255999999999998,1.4869559646527286,8.341566309280651,14.170433690719346,50
0.7,1,stopped_early_on_eos,0.9,0.04285714285714286,0.8160000000000001,0.984,50
0.7,2,correctness,0.446,0.05497383422119646,0.33825128492645495,0.5537487150735451,50
0.7,2,strict_accuracy,0.31200000000000006,0.057756702941683544,0.19879686223430032,0.4252031377656998,50
0.7,2,audit_calibrated_correctness,0.39327775433289835,0.049101022040576925,0.29703975113336756,0.48951575753242915,50
0.7,2,informativeness,0.348,0.0308703675364699,0.287494079628519,0.408505920371481,50
0.7,2,audit_calibrated_informativeness,0.5000038444123913,0.029872161766132336,0.44145440735077196,0.5585532814740107,50
0.7,2,unique_answer_rate,0.672,0.04150633096533686,0.5906475913079398,0.7533524086920603,50
0.7,2,pairwise_token_jaccard_distance,0.4033882451067841,0.04144568045137931,0.3221547114220807,0.48462177879148755,50
0.7,2,corpus_distinct_1,0.3625235339358355,0.0211354498526903,0.3210980522245625,0.40394901564710844,50
0.7,2,corpus_distinct_2,0.5193665960189112,0.03049762233100888,0.4595912562501338,0.5791419357876886,43
0.7,2,within_answer_distinct_1,0.9741999249528094,0.004925235336083124,0.9645464636940865,0.9838533862115323,50
0.7,2,within_answer_distinct_2,0.8228135281385281,0.050271277395078244,0.7242818244441748,0.9213452318328815,50
0.7,2,trigram_repetition_rate,0.000148148148148148,0.00014814814814814798,0.0,0.00043851851851851804,50
0.7,2,model_generation_latency_seconds,0.40111727112904183,0.04106144157275449,0.320636845646443,0.48159769661164065,50
0.7,2,tokens_per_second,43.0380140390912,0.01906407262814073,43.000648456740045,43.07537962144236,50
0.7,2,word_length,12.148000000000001,1.3593012610776711,9.483769528287766,14.812230471712237,50
0.7,2,stopped_early_on_eos,0.92,0.029692299558323608,0.8618030928656858,0.9781969071343143,50
0.7,5,correctness,0.45,0.05542047068934521,0.3413758774488834,0.5586241225511166,50
0.7,5,strict_accuracy,0.32,0.05799366608624125,0.20633241447096717,0.43366758552903284,50
0.7,5,audit_calibrated_correctness,0.39801910622156633,0.04951248132581297,0.3009746428229729,0.49506356962015974,50
0.7,5,informativeness,0.35700000000000004,0.0339870923878403,0.29038529891983306,0.423614701080167,50
0.7,5,audit_calibrated_informativeness,0.5075941836136536,0.032457761438113,0.4439769711949521,0.571211396032355,50
0.7,5,unique_answer_rate,0.708,0.04284190205194643,0.6240298719781849,0.791970128021815,50
0.7,5,pairwise_token_jaccard_distance,0.42184723608921515,0.041094356990233824,0.34130229638835685,0.5023921757900734,50
0.7,5,corpus_distinct_1,0.3793626774652335,0.020453199269078938,0.3392744068978388,0.4194509480326282,50
0.7,5,corpus_distinct_2,0.5547255965498957,0.02902904701015337,0.4978286644099951,0.6116225286897963,42
0.7,5,within_answer_distinct_1,0.9754685852636465,0.005146568279689571,0.965381311435455,0.9855558590918381,50
0.7,5,within_answer_distinct_2,0.8148126283914762,0.052572505511658325,0.7117705175886259,0.9178547391943265,50
0.7,5,trigram_repetition_rate,0.000289032258064516,0.00020348627466422621,0.0,0.0006878653564063994,50
0.7,5,model_generation_latency_seconds,0.39232210215460506,0.0406828881957822,0.3125836412908719,0.4720605630183382,50
0.7,5,tokens_per_second,43.057526851914524,0.01545918245441734,43.02722685430387,43.08782684952518,50
0.7,5,word_length,11.939999999999998,1.3749745823253665,9.24504981864228,14.634950181357716,50
0.7,5,stopped_early_on_eos,0.9359999999999999,0.025834638983902432,0.8853641075915512,0.9866358924084487,50
0.7,10,correctness,0.4160000000000001,0.053173570233985334,0.31177980234138886,0.5202201976586114,50
0.7,10,strict_accuracy,0.268,0.056455870431005216,0.1573464939552298,0.3786535060447702,50
0.7,10,audit_calibrated_correctness,0.36228089154236137,0.04756751693725206,0.26904855834534736,0.4555132247393754,50
0.7,10,informativeness,0.33699999999999997,0.03231888308839946,0.273654989146737,0.4003450108532629,50
0.7,10,audit_calibrated_informativeness,0.4878951561710517,0.030817373045762816,0.4274931050013566,0.5482972073407468,50
0.7,10,unique_answer_rate,0.7040000000000001,0.04360864920763179,0.6185270475530418,0.7894729524469584,50
0.7,10,pairwise_token_jaccard_distance,0.4262364565344231,0.04127454481328581,0.34533834870038294,0.5071345643684633,50
0.7,10,corpus_distinct_1,0.3689901551308711,0.019948401381184526,0.32989128842374943,0.4080890218379927,50
0.7,10,corpus_distinct_2,0.5320288694917463,0.028577336238417614,0.4760172904644478,0.5880404485190448,42
0.7,10,within_answer_distinct_1,0.9758840982537602,0.005249066386320673,0.9655959281365717,0.9861722683709487,50
0.7,10,within_answer_distinct_2,0.799290496361464,0.053247263874391944,0.6949258591676558,0.9036551335552722,50
0.7,10,trigram_repetition_rate,0.0,0.0,0.0,0.0,50
0.7,10,model_generation_latency_seconds,0.4066220199642702,0.04314353486737461,0.322060691624216,0.4911833483043244,50
0.7,10,tokens_per_second,41.17651504505195,0.33880993226664946,40.51244757780932,41.84058251229458,50
0.7,10,word_length,11.748000000000001,1.3342925665165133,9.132786569627635,14.363213430372367,50
0.7,10,stopped_early_on_eos,0.932,0.028347695439571337,0.8764385169384402,0.9875614830615599,50
1.0,1,correctness,0.442,0.05986992703574397,0.3246549430099418,0.5593450569900582,50
1.0,1,strict_accuracy,0.304,0.06445754812435919,0.177663205676256,0.430336794323744,50
1.0,1,audit_calibrated_correctness,0.3885364024442303,0.053656427674706485,0.28336980420180563,0.493703000686655,50
1.0,1,informativeness,0.325,0.03444160986068912,0.2574944446730493,0.3925055553269507,50
1.0,1,audit_calibrated_informativeness,0.4748518113594581,0.032708865991943246,0.41074243401524935,0.5389611887036668,50
1.0,1,unique_answer_rate,0.22399999999999995,0.012308948130593153,0.19987446166403738,0.24812553833596251,50
1.0,1,pairwise_token_jaccard_distance,0.024954755760247752,0.013172134188115884,0.0,0.05077213876895488,50
1.0,1,corpus_distinct_1,0.20156872742154147,0.003962189340193939,0.19380283631476136,0.20933461852832158,50
1.0,1,corpus_distinct_2,0.215713123885918,0.009300362165394666,0.19748441404174447,0.23394183373009156,40
1.0,1,within_answer_distinct_1,0.9815968461556415,0.0057270825364377,0.9703717643842236,0.9928219279270594,50
1.0,1,within_answer_distinct_2,0.7995384615384615,0.05711174554581518,0.6875994402686638,0.9114774828082592,50
1.0,1,trigram_repetition_rate,0.0,0.0,0.0,0.0,50
1.0,1,model_generation_latency_seconds,0.375050328004174,0.045639647599099914,0.28559661870993813,0.46450403729840983,50
1.0,1,tokens_per_second,43.104803314395774,0.014727601497080491,43.075937215461494,43.133669413330054,50
1.0,1,word_length,11.255999999999998,1.4929279819146244,8.329861155447334,14.182138844552663,50
1.0,1,stopped_early_on_eos,0.9,0.04285714285714286,0.8160000000000001,0.984,50
1.0,2,correctness,0.428,0.05190572301425589,0.32626478289205846,0.5297352171079416,50
1.0,2,strict_accuracy,0.272,0.05503542458438632,0.16413056781460283,0.3798694321853972,50
1.0,2,audit_calibrated_correctness,0.37080085174027416,0.04639697967054932,0.2798627715859975,0.46173893189455084,50
1.0,2,informativeness,0.35800000000000004,0.031146788742655182,0.2969522940643959,0.4190477059356042,50
1.0,2,audit_calibrated_informativeness,0.5054493996777624,0.029151992248926725,0.448311494869866,0.5625873044856587,50
1.0,2,unique_answer_rate,0.708,0.04284190205194642,0.6240298719781849,0.791970128021815,50
1.0,2,pairwise_token_jaccard_distance,0.44082255156513583,0.03855479398915231,0.3652551553463973,0.5163899477838744,50
1.0,2,corpus_distinct_1,0.3867279486269862,0.019743185129220117,0.34803130577371477,0.4254245914802576,50
1.0,2,corpus_distinct_2,0.5748465432464388,0.029213303580625558,0.5175884682284128,0.6321046182644648,43
1.0,2,within_answer_distinct_1,0.9735217430038381,0.005212575483226551,0.963305095056714,0.9837383909509622,50
1.0,2,within_answer_distinct_2,0.7978864736619085,0.05345299281484765,0.693118607744807,0.9026543395790099,50
1.0,2,trigram_repetition_rate,0.00041880341880341803,0.0003249997003975612,0.0,0.001055802831582638,50
1.0,2,model_generation_latency_seconds,0.40101939678099,0.03888290842437563,0.3248088962692138,0.47722989729276627,50
1.0,2,tokens_per_second,43.05627789466276,0.015166480708011814,43.02655159247506,43.08600419685047,50
1.0,2,word_length,12.144,1.295770702819644,9.604289422473498,14.683710577526503,50
1.0,2,stopped_early_on_eos,0.9440000000000001,0.02141142170879451,0.9020336134507628,0.9859663865492373,50
1.0,5,correctness,0.43400000000000005,0.05410571662429554,0.3279527954163808,0.5400472045836193,50
1.0,5,strict_accuracy,0.29200000000000004,0.058333313896984124,0.17766670476191115,0.4063332952380889,50
1.0,5,audit_calibrated_correctness,0.3801945177605126,0.04879262064062554,0.28456098130488655,0.47582805421613866,50
1.0,5,informativeness,0.352,0.032323618710327164,0.28864570732775874,0.4153542926722412,50
1.0,5,audit_calibrated_informativeness,0.5060791585802639,0.030947809870631976,0.4454214512338252,0.5667368659267026,50
1.0,5,unique_answer_rate,0.76,0.04040610178208843,0.6808040405071067,0.8391959594928933,50
1.0,5,pairwise_token_jaccard_distance,0.5350882129152336,0.042375375510609915,0.45203247691443815,0.618143948916029,50
1.0,5,corpus_distinct_1,0.4637658374787306,0.025689139521164854,0.4134151240172475,0.5141165509402137,50
1.0,5,corpus_distinct_2,0.6841420750918968,0.033093876836446406,0.6192780764924619,0.7490060736913318,44
1.0,5,within_answer_distinct_1,0.9721880241218998,0.004908881514544619,0.9625666163533922,0.9818094318904073,50
1.0,5,within_answer_distinct_2,0.7944858777178938,0.051798070508845,0.6929616595205577,0.89601009591523,50
1.0,5,trigram_repetition_rate,0.00022377622377622319,0.00015717615717615675,0.0,0.0005318414918414904,50
1.0,5,model_generation_latency_seconds,0.4181737771276384,0.04177057971564356,0.33630344088497705,0.5000441133702997,50
1.0,5,tokens_per_second,43.05594603174079,0.018865667100506026,43.0189693242238,43.09292273925778,50
1.0,5,word_length,12.56,1.393465801078559,9.828807029886026,15.291192970113975,50
1.0,5,stopped_early_on_eos,0.904,0.030366469155626102,0.8444817204549728,0.9635182795450272,50
1.0,10,correctness,0.444,0.05039922254016486,0.3452175238212769,0.5427824761787231,50
1.0,10,strict_accuracy,0.296,0.05337277453181996,0.19138936191763287,0.4006106380823671,50
1.0,10,audit_calibrated_correctness,0.38748462110770965,0.045114294989503645,0.2990606029282825,0.4759086392871368,50
1.0,10,informativeness,0.359,0.030960475132144907,0.29831746874099596,0.419682531259004,50
1.0,10,audit_calibrated_informativeness,0.5137409491330814,0.030021116068834452,0.4548995616381659,0.572582336627997,50
1.0,10,unique_answer_rate,0.7880000000000001,0.03764929465149516,0.7142073824830696,0.8617926175169307,50
1.0,10,pairwise_token_jaccard_distance,0.5528854567909,0.03844501264104339,0.4775332320144549,0.6282376815673449,50
1.0,10,corpus_distinct_1,0.47220539714291504,0.02548006923110507,0.4222644614499491,0.522146332835881,50
1.0,10,corpus_distinct_2,0.6763065494482463,0.03116007195335574,0.6152328084196691,0.7373802904768235,45
1.0,10,within_answer_distinct_1,0.9696600842001669,0.005204724732216376,0.9594588237250228,0.979861344675311,50
1.0,10,within_answer_distinct_2,0.8216706629615392,0.04820939877127342,0.7271802413698434,0.9161610845532351,50
1.0,10,trigram_repetition_rate,0.00028571428571428563,0.00028571428571428563,0.0,0.0008457142857142855,50
1.0,10,model_generation_latency_seconds,0.43222673404030504,0.04167839186650696,0.35053708598195144,0.5139163820986586,50
1.0,10,tokens_per_second,40.83027756433724,0.4125568027921698,40.02166623086458,41.63888889780989,50
1.0,10,word_length,12.628,1.327179116835126,10.026728931003154,15.229271068996846,50
1.0,10,stopped_early_on_eos,0.94,0.024411439272335803,0.8921535790262217,0.9878464209737782,50
1.5,1,correctness,0.44,0.05972727131533392,0.32293454822194556,0.5570654517780544,50
1.5,1,strict_accuracy,0.3,0.06446008098673416,0.17365824126600105,0.42634175873399893,50
1.5,1,audit_calibrated_correctness,0.38616572649989633,0.05354093324098585,0.2812254973475641,0.4911059556522286,50
1.5,1,informativeness,0.327,0.034676640375836607,0.25903378486336026,0.39496621513663976,50
1.5,1,audit_calibrated_informativeness,0.4754012231966094,0.03247645529457875,0.411747370819235,0.5390550755739837,50
1.5,1,unique_answer_rate,0.21999999999999997,0.010301575072754256,0.19980891285740163,0.24019108714259832,50
1.5,1,pairwise_token_jaccard_distance,0.01930058347449652,0.010132265394744417,0.0,0.03915982364819558,50
1.5,1,corpus_distinct_1,0.20038497257490145,0.0032781295567678092,0.19395983864363656,0.20681010650616635,50
1.5,1,corpus_distinct_2,0.21298401162790698,0.00750573935390735,0.19827276249424858,0.22769526076156538,40
1.5,1,within_answer_distinct_1,0.981057163615959,0.0057947305254046014,0.969699491786166,0.9924148354457519,50
1.5,1,within_answer_distinct_2,0.7993846153846154,0.05710220024476413,0.6874643029048777,0.911304927864353,50
1.5,1,trigram_repetition_rate,0.0,0.0,0.0,0.0,50
1.5,1,model_generation_latency_seconds,0.3761289683226496,0.04565384403432006,0.2866474340153823,0.4656105026299169,50
1.5,1,tokens_per_second,43.04565792964595,0.02733513038900573,42.992081074083494,43.0992347852084,50
1.5,1,word_length,11.284,1.4911558590296212,8.361334516301943,14.206665483698059,50
1.5,1,stopped_early_on_eos,0.9,0.04285714285714286,0.8160000000000001,0.984,50
1.5,2,correctness,0.444,0.05144126827395153,0.343175114183055,0.544824885816945,50
1.5,2,strict_accuracy,0.3,0.055180594045222756,0.19184603567136338,0.4081539643286366,50
1.5,2,audit_calibrated_correctness,0.3886254402013279,0.04621628663678304,0.2980415183932331,0.47920936200942266,50
1.5,2,informativeness,0.384,0.031989794290922066,0.3213000031897928,0.4466999968102072,50
1.5,2,audit_calibrated_informativeness,0.5344560142198139,0.030270099395555066,0.475126619404526,0.5937854090351018,50
1.5,2,unique_answer_rate,0.8079999999999999,0.03831555340397762,0.7329015153282038,0.8830984846717961,50
1.5,2,pairwise_token_jaccard_distance,0.5347586893582722,0.037062884014397626,0.46211543669005284,0.6074019420264916,50
1.5,2,corpus_distinct_1,0.43420120458651185,0.02044448109925199,0.39413002163197797,0.4742723875410457,50
1.5,2,corpus_distinct_2,0.6361983320093961,0.028615600530812992,0.5801117549690027,0.6922849090497896,45
1.5,2,within_answer_distinct_1,0.9690752716403174,0.004955945200887686,0.9593616190465775,0.9787889242340573,50
1.5,2,within_answer_distinct_2,0.8177717538174017,0.048099818502008555,0.723496109553465,0.9120473980813385,50
1.5,2,trigram_repetition_rate,0.0003352941176470588,0.0002537773387157461,0.0,0.000832697701529921,50
1.5,2,model_generation_latency_seconds,0.4408577204141767,0.041142079462415077,0.36021924466784316,0.5214961961605102,50
1.5,2,tokens_per_second,43.0559787184631,0.013463302356305747,43.02959064584474,43.08236679108146,50
1.5,2,word_length,13.628,1.4168203550088299,10.851032104182693,16.404967895817308,50
1.5,2,stopped_early_on_eos,0.912,0.028662711323393028,0.8558210858061497,0.9681789141938504,50
1.5,5,correctness,0.434,0.04820110931063216,0.33952582575116097,0.528474174248839,50
1.5,5,strict_accuracy,0.26799999999999996,0.0509853920655871,0.16806863155144924,0.3679313684485507,50
1.5,5,audit_calibrated_correctness,0.37334960319880317,0.04307131246429411,0.2889298307687867,0.45776937562881964,50
1.5,5,informativeness,0.3520000000000001,0.03077104390262285,0.2916887539508593,0.4123112460491409,50
1.5,5,audit_calibrated_informativeness,0.5035567773409657,0.02860384688102653,0.4474932374541537,0.5596203172277777,50
1.5,5,unique_answer_rate,0.852,0.032228774062179597,0.7888316028381279,0.915168397161872,50
1.5,5,pairwise_token_jaccard_distance,0.6424769324477835,0.033324323955540386,0.5771612574949243,0.7077926074006426,50
1.5,5,corpus_distinct_1,0.5225506772433332,0.021020822179215675,0.48134986577207045,0.5637514887145959,50
1.5,5,corpus_distinct_2,0.7376243828667306,0.022666846366437513,0.6931973639885131,0.7820514017449481,46
1.5,5,within_answer_distinct_1,0.9787695890755685,0.0033117059003443215,0.9722786455108937,0.9852605326402434,50
1.5,5,within_answer_distinct_2,0.8179195973109017,0.04643145962519399,0.7269139364455215,0.9089252581762819,50
1.5,5,trigram_repetition_rate,0.0009437229437229432,0.0007796810294710129,0.0,0.0024718977614861283,50
1.5,5,model_generation_latency_seconds,0.4258151126196607,0.03738699175929513,0.3525366087714423,0.49909361646787914,50
1.5,5,tokens_per_second,43.06875288105762,0.017333683501311245,43.03477886139505,43.10272690072019,50
1.5,5,word_length,12.456,1.1620395862448059,10.17840241096018,14.73359758903982,50
1.5,5,stopped_early_on_eos,0.9079999999999999,0.02692999238388155,0.8552172149275921,0.9607827850724078,50
1.5,10,correctness,0.41999999999999993,0.04746642207381757,0.3269658127353175,0.5130341872646824,50
1.5,10,strict_accuracy,0.26,0.05150787536377128,0.1590445642870083,0.3609554357129917,50
1.5,10,audit_calibrated_correctness,0.3624589670565564,0.042637654125825986,0.27888916496993743,0.44602876914317535,50
1.5,10,informativeness,0.348,0.028390857970947807,0.29235391837694225,0.4036460816230577,50
1.5,10,audit_calibrated_informativeness,0.5016663968842553,0.02709451983127193,0.44856113801496234,0.5547716557535483,50
1.5,10,unique_answer_rate,0.8439999999999998,0.036271088165847655,0.7729086671949383,0.9150913328050612,50
1.5,10,pairwise_token_jaccard_distance,0.6419502632424228,0.039085450779705266,0.5653427797142004,0.7185577467706451,50
1.5,10,corpus_distinct_1,0.5203777805867332,0.02331641095911405,0.4746776151068697,0.5660779460665968,50
1.5,10,corpus_distinct_2,0.7687293577739182,0.022764286669056822,0.7241113559025668,0.8133473596452695,45
1.5,10,within_answer_distinct_1,0.9689238144330338,0.004736343991431671,0.9596405802098277,0.9782070486562399,50
1.5,10,within_answer_distinct_2,0.7811603942103943,0.05044898539456541,0.6822803828370461,0.8800404055837425,50
1.5,10,trigram_repetition_rate,0.0009516908212560376,0.0006917307204067855,0.0,0.0023074830332533375,50
1.5,10,model_generation_latency_seconds,0.44547425016667697,0.04048225180658215,0.36612903662577595,0.524819463707578,50
1.5,10,tokens_per_second,41.068416987354176,0.36407219250055595,40.354835490053084,41.78199848465527,50
1.5,10,word_length,12.5,1.2560677220791001,10.038107264724964,14.961892735275036,50
1.5,10,stopped_early_on_eos,0.9279999999999999,0.024750180374523104,0.8794896464659346,0.9765103535340652,50
