decoding_mode,temperature,top_p,top_k,metric,mean,ci95_low,ci95_high,n_prompts
pure_top_k,0.1,1.0,10,correctness,0.4428,0.32761950276196933,0.5579804972380307,50
pure_top_k,0.1,1.0,10,strict_accuracy,0.30879999999999996,0.18404104880209993,0.4335589511979,50
pure_top_k,0.1,1.0,10,informativeness,0.32980000000000004,0.26383758597504187,0.3957624140249582,50
pure_top_k,0.1,1.0,10,within_answer_distinct_1,0.9808009757710192,0.96982637696889,0.9917755745731485,50
pure_top_k,0.1,1.0,10,within_answer_distinct_2,0.7986514644775514,0.6887275438199912,0.9085753851351116,50
pure_top_k,0.1,1.0,10,trigram_repetition_rate,0.0,0.0,0.0,50
pure_top_k,0.1,1.0,10,model_generation_latency_seconds,0.39970383347366,0.30587101610703177,0.49353665084028825,50
pure_top_k,0.1,1.0,10,tokens_per_second,41.04144274040235,40.35864486380791,41.724240616996795,50
pure_top_k,0.1,1.0,10,word_length,11.3344,8.453300401205123,14.215499598794878,50
pure_top_k,0.1,1.0,10,stopped_early_on_eos,0.9159999999999999,0.8436147197283868,0.9883852802716131,50
pure_top_k,0.1,1.0,10,unique_answer_rate,0.0944,0.06898216814911233,0.11981783185088767,50
pure_top_k,0.1,1.0,10,pairwise_token_jaccard_distance,0.08727280650017516,0.04953411959187881,0.1250114934084715,50
pure_top_k,0.1,1.0,10,corpus_distinct_1,0.06131858979618241,0.047363950424391454,0.07527322916797337,50
pure_top_k,0.1,1.0,10,corpus_distinct_2,0.08822312993496574,0.057305421376032256,0.11914083849389923,42
pure_top_k,0.1,1.0,15,correctness,0.4472,0.33269808847010457,0.5617019115298953,50
pure_top_k,0.1,1.0,15,strict_accuracy,0.3096,0.18474516486735484,0.43445483513264516,50
pure_top_k,0.1,1.0,15,informativeness,0.3306,0.26450953642165914,0.39669046357834087,50
pure_top_k,0.1,1.0,15,within_answer_distinct_1,0.9807999119969366,0.9699817274502512,0.991618096543622,50
pure_top_k,0.1,1.0,15,within_answer_distinct_2,0.8011604895104896,0.6910962152061237,0.9112247638148554,50
pure_top_k,0.1,1.0,15,trigram_repetition_rate,0.0,0.0,0.0,50
pure_top_k,0.1,1.0,15,model_generation_latency_seconds,0.398811696492508,0.3051261024579367,0.49249729052707936,50
pure_top_k,0.1,1.0,15,tokens_per_second,41.03765884324032,40.35025994754681,41.725057738933835,50
pure_top_k,0.1,1.0,15,word_length,11.351199999999999,8.46364686076533,14.238753139234667,50
pure_top_k,0.1,1.0,15,stopped_early_on_eos,0.9136,0.8405210513485586,0.9866789486514413,50
pure_top_k,0.1,1.0,15,unique_answer_rate,0.1024,0.07086767347625615,0.13393232652374387,50
pure_top_k,0.1,1.0,15,pairwise_token_jaccard_distance,0.09104655962948366,0.049444046092902594,0.13264907316606472,50
pure_top_k,0.1,1.0,15,corpus_distinct_1,0.06051196072319158,0.047659563276026634,0.07336435817035653,50
pure_top_k,0.1,1.0,15,corpus_distinct_2,0.09723952124956044,0.05009943840841297,0.1443796040907079,42
pure_top_k,0.1,1.0,20,correctness,0.43920000000000003,0.3248833825552908,0.5535166174447093,50
pure_top_k,0.1,1.0,20,strict_accuracy,0.3048,0.18101309251782724,0.42858690748217276,50
pure_top_k,0.1,1.0,20,informativeness,0.3286,0.2627434047645948,0.3944565952354052,50
pure_top_k,0.1,1.0,20,within_answer_distinct_1,0.9811177242067933,0.9704595749291381,0.9917758734844485,50
pure_top_k,0.1,1.0,20,within_answer_distinct_2,0.7993117775878644,0.6893944590654679,0.9092290961102609,50
pure_top_k,0.1,1.0,20,trigram_repetition_rate,0.0,0.0,0.0,50
pure_top_k,0.1,1.0,20,model_generation_latency_seconds,0.3996683243131265,0.30597113178228763,0.49336551684396535,50
pure_top_k,0.1,1.0,20,tokens_per_second,41.039750954153845,40.375908835185655,41.703593073122036,50
pure_top_k,0.1,1.0,20,word_length,11.331199999999999,8.460698740515168,14.20170125948483,50
pure_top_k,0.1,1.0,20,stopped_early_on_eos,0.9152000000000001,0.8425935866193628,0.9878064133806375,50
pure_top_k,0.1,1.0,20,unique_answer_rate,0.0968,0.06917525051697301,0.12442474948302698,50
pure_top_k,0.1,1.0,20,pairwise_token_jaccard_distance,0.0949280481113278,0.054702889240970144,0.13515320698168545,50
pure_top_k,0.1,1.0,20,corpus_distinct_1,0.06191982771409144,0.047547191757602664,0.07629246367058022,50
pure_top_k,0.1,1.0,20,corpus_distinct_2,0.08983914019766684,0.05823005040922131,0.12144822998611238,42
pure_top_k,0.1,1.0,25,correctness,0.436,0.32162282745232773,0.5503771725476723,50
pure_top_k,0.1,1.0,25,strict_accuracy,0.2968,0.1733743738764109,0.42022562612358916,50
pure_top_k,0.1,1.0,25,informativeness,0.32480000000000003,0.26019036554816305,0.389409634451837,50
pure_top_k,0.1,1.0,25,within_answer_distinct_1,0.9810801638987087,0.9703961951747897,0.9917641326226276,50
pure_top_k,0.1,1.0,25,within_answer_distinct_2,0.7962851535719183,0.6855088190371134,0.9070614881067233,50
pure_top_k,0.1,1.0,25,trigram_repetition_rate,0.0,0.0,0.0,50
pure_top_k,0.1,1.0,25,model_generation_latency_seconds,0.3982805429194123,0.3039928242014858,0.49256826163733874,50
pure_top_k,0.1,1.0,25,tokens_per_second,41.196448882088035,40.519599967722215,41.873297796453855,50
pure_top_k,0.1,1.0,25,word_length,11.344000000000001,8.43492725591126,14.253072744088742,50
pure_top_k,0.1,1.0,25,stopped_early_on_eos,0.9128000000000001,0.8404341313601502,0.9851658686398499,50
pure_top_k,0.1,1.0,25,unique_answer_rate,0.0968,0.07095832079759522,0.12264167920240478,50
pure_top_k,0.1,1.0,25,pairwise_token_jaccard_distance,0.09536353427807008,0.05366018840104062,0.13706688015509955,50
pure_top_k,0.1,1.0,25,corpus_distinct_1,0.06660128913425907,0.046489549019156765,0.08671302924936138,50
pure_top_k,0.1,1.0,25,corpus_distinct_2,0.1127143963966529,0.05061797255581628,0.1748108202374895,42
pure_top_k,0.1,1.0,30,correctness,0.43799999999999994,0.3250284141918862,0.5509715858081137,50
pure_top_k,0.1,1.0,30,strict_accuracy,0.3,0.17775570688167075,0.42224429311832923,50
pure_top_k,0.1,1.0,30,informativeness,0.3268,0.2620250636125361,0.3915749363874639,50
pure_top_k,0.1,1.0,30,within_answer_distinct_1,0.9804296038709301,0.9694198688879296,0.9914393388539307,50
pure_top_k,0.1,1.0,30,within_answer_distinct_2,0.7984933566433567,0.6896227913782021,0.9073639219085113,50
pure_top_k,0.1,1.0,30,trigram_repetition_rate,0.0,0.0,0.0,50
pure_top_k,0.1,1.0,30,model_generation_latency_seconds,0.3988687959831207,0.30524844413918983,0.49248914782705155,50
pure_top_k,0.1,1.0,30,tokens_per_second,41.028091468545284,40.326530062432674,41.729652874657894,50
pure_top_k,0.1,1.0,30,word_length,11.332,8.44284955434993,14.221150445650071,50
pure_top_k,0.1,1.0,30,stopped_early_on_eos,0.9208,0.8536190426980979,0.987980957301902,50
pure_top_k,0.1,1.0,30,unique_answer_rate,0.1,0.07111789481357011,0.1288821051864299,50
pure_top_k,0.1,1.0,30,pairwise_token_jaccard_distance,0.10715433899184673,0.0616420796362209,0.15266659834747257,50
pure_top_k,0.1,1.0,30,corpus_distinct_1,0.062499572751380524,0.0483079486284087,0.07669119687435234,50
pure_top_k,0.1,1.0,30,corpus_distinct_2,0.08805844945843389,0.06040644925084586,0.11571044966602191,42
pure_top_k,0.3,1.0,10,correctness,0.4464,0.3390525718240069,0.5537474281759931,50
pure_top_k,0.3,1.0,10,strict_accuracy,0.30400000000000005,0.18849329716419055,0.41950670283580954,50
pure_top_k,0.3,1.0,10,informativeness,0.33840000000000003,0.2747238875558503,0.40207611244414976,50
pure_top_k,0.3,1.0,10,within_answer_distinct_1,0.9800916403587903,0.9712081582097379,0.9889751225078426,50
pure_top_k,0.3,1.0,10,within_answer_distinct_2,0.8054742974560998,0.7016040913409471,0.9093445035712524,50
pure_top_k,0.3,1.0,10,trigram_repetition_rate,0.0,0.0,0.0,50
pure_top_k,0.3,1.0,10,model_generation_latency_seconds,0.4006501740183681,0.31349266595904357,0.48780768207769265,50
pure_top_k,0.3,1.0,10,tokens_per_second,40.9565581269969,40.230711478938936,41.68240477505487,50
pure_top_k,0.3,1.0,10,word_length,11.3584,8.70710666592774,14.00969333407226,50
pure_top_k,0.3,1.0,10,stopped_early_on_eos,0.9391999999999999,0.8876196527347866,0.9907803472652132,50
pure_top_k,0.3,1.0,10,unique_answer_rate,0.28719999999999996,0.2097759950402977,0.3646240049597022,50
pure_top_k,0.3,1.0,10,pairwise_token_jaccard_distance,0.2528135416425559,0.18647657124543798,0.31915051203967376,50
pure_top_k,0.3,1.0,10,corpus_distinct_1,0.09381389965093918,0.0780179189478626,0.10960988035401577,50
pure_top_k,0.3,1.0,10,corpus_distinct_2,0.15556966109208342,0.12441493767018182,0.18672438451398501,43
pure_top_k,0.3,1.0,15,correctness,0.4416,0.33391772246093604,0.549282277539064,50
pure_top_k,0.3,1.0,15,strict_accuracy,0.2968,0.18096600678557268,0.41263399321442734,50
pure_top_k,0.3,1.0,15,informativeness,0.3328,0.2695546006100048,0.39604539938999517,50
pure_top_k,0.3,1.0,15,within_answer_distinct_1,0.9777891169553135,0.9677074823355117,0.9878707515751152,50
pure_top_k,0.3,1.0,15,within_answer_distinct_2,0.8001796525689607,0.6935796779626774,0.9067796271752441,50
pure_top_k,0.3,1.0,15,trigram_repetition_rate,2.666666666666664e-05,0.0,7.893333333333325e-05,50
pure_top_k,0.3,1.0,15,model_generation_latency_seconds,0.4038802148543298,0.3136742688211534,0.4940861608875062,50
pure_top_k,0.3,1.0,15,tokens_per_second,41.10643307924182,40.43305353190924,41.7798126265744,50
pure_top_k,0.3,1.0,15,word_length,11.6152,8.784036813169541,14.446363186830459,50
pure_top_k,0.3,1.0,15,stopped_early_on_eos,0.9247999999999998,0.8653390744774351,0.9842609255225646,50
pure_top_k,0.3,1.0,15,unique_answer_rate,0.28159999999999996,0.2069048161124159,0.356295183887584,50
pure_top_k,0.3,1.0,15,pairwise_token_jaccard_distance,0.2528676794164256,0.18732773098695377,0.3184076278458974,50
pure_top_k,0.3,1.0,15,corpus_distinct_1,0.0954503333758601,0.08055566748673573,0.11034499926498448,50
pure_top_k,0.3,1.0,15,corpus_distinct_2,0.1618824063708314,0.13331063235127594,0.19045418039038686,42
pure_top_k,0.3,1.0,20,correctness,0.4264,0.3188016285625103,0.5339983714374896,50
pure_top_k,0.3,1.0,20,strict_accuracy,0.29119999999999996,0.17638956535227293,0.406010434647727,50
pure_top_k,0.3,1.0,20,informativeness,0.33299999999999996,0.2710820026163636,0.3949179973836363,50
pure_top_k,0.3,1.0,20,within_answer_distinct_1,0.9798997272936681,0.9707531298840064,0.9890463247033299,50
pure_top_k,0.3,1.0,20,within_answer_distinct_2,0.8023698594192163,0.696333639707441,0.9084060791309917,50
pure_top_k,0.3,1.0,20,trigram_repetition_rate,4.7719298245613924e-05,0.0,0.0001136467172282722,50
pure_top_k,0.3,1.0,20,model_generation_latency_seconds,0.4036725940935313,0.3151560744382089,0.49218911374885366,50
pure_top_k,0.3,1.0,20,tokens_per_second,41.08593335159283,40.4344020107913,41.737464692394354,50
pure_top_k,0.3,1.0,20,word_length,11.5592,8.828022195567634,14.290377804432367,50
pure_top_k,0.3,1.0,20,stopped_early_on_eos,0.9344,0.8801864465654574,0.9886135534345426,50
pure_top_k,0.3,1.0,20,unique_answer_rate,0.28,0.2049015153282039,0.35509848467179617,50
pure_top_k,0.3,1.0,20,pairwise_token_jaccard_distance,0.25359479294048265,0.1858130433175748,0.3213765425633905,50
pure_top_k,0.3,1.0,20,corpus_distinct_1,0.0944609950069389,0.0777622532300305,0.1111597367838473,50
pure_top_k,0.3,1.0,20,corpus_distinct_2,0.16053554459200436,0.12814566158375928,0.19292542760024944,42
pure_top_k,0.3,1.0,25,correctness,0.4404,0.33259169486537693,0.5482083051346232,50
pure_top_k,0.3,1.0,25,strict_accuracy,0.29600000000000004,0.1801896170457934,0.4118103829542067,50
pure_top_k,0.3,1.0,25,informativeness,0.33620000000000005,0.2735327972221514,0.3988672027778487,50
pure_top_k,0.3,1.0,25,within_answer_distinct_1,0.9780547723326615,0.9679179752246921,0.9881915694406308,50
pure_top_k,0.3,1.0,25,within_answer_distinct_2,0.8021493177913104,0.6956932090672384,0.9086054265153823,50
pure_top_k,0.3,1.0,25,trigram_repetition_rate,0.00010871794871794856,0.0,0.0002441997227128759,50
pure_top_k,0.3,1.0,25,model_generation_latency_seconds,0.4038791831970214,0.31382125376365494,0.4939371126303878,50
pure_top_k,0.3,1.0,25,tokens_per_second,41.07119658588367,40.42806724583077,41.71432592593657,50
pure_top_k,0.3,1.0,25,word_length,11.592,8.779031759297663,14.404968240702338,50
pure_top_k,0.3,1.0,25,stopped_early_on_eos,0.9264,0.8737547577078422,0.9790452422921578,50
pure_top_k,0.3,1.0,25,unique_answer_rate,0.27999999999999997,0.2032166684755083,0.35678333152449165,50
pure_top_k,0.3,1.0,25,pairwise_token_jaccard_distance,0.24915921651107462,0.18291813548513886,0.3154002975370104,50
pure_top_k,0.3,1.0,25,corpus_distinct_1,0.08865238154441567,0.07509114060143811,0.10221362248739323,50
pure_top_k,0.3,1.0,25,corpus_distinct_2,0.14817785594100336,0.11954770357002407,0.17680800831198262,42
pure_top_k,0.3,1.0,30,correctness,0.4364,0.3280913672138735,0.5447086327861265,50
pure_top_k,0.3,1.0,30,strict_accuracy,0.2952,0.17895953861068858,0.41144046138931145,50
pure_top_k,0.3,1.0,30,informativeness,0.33380000000000004,0.271715999613427,0.39588400038657307,50
pure_top_k,0.3,1.0,30,within_answer_distinct_1,0.9780623061554337,0.9683230983782812,0.9878015139325861,50
pure_top_k,0.3,1.0,30,within_answer_distinct_2,0.8047894152226691,0.699576422457629,0.9100024079877093,50
pure_top_k,0.3,1.0,30,trigram_repetition_rate,8.376068376068361e-05,0.0,0.00021116056631652759,50
pure_top_k,0.3,1.0,30,model_generation_latency_seconds,0.4076476337190717,0.31610355594219985,0.49919171149594355,50
pure_top_k,0.3,1.0,30,tokens_per_second,40.941581139425814,40.22192884873446,41.66123343011717,50
pure_top_k,0.3,1.0,30,word_length,11.548,8.775022717727389,14.320977282272612,50
pure_top_k,0.3,1.0,30,stopped_early_on_eos,0.9256,0.867445786257572,0.983754213742428,50
pure_top_k,0.3,1.0,30,unique_answer_rate,0.2784,0.20599011603378997,0.35080988396621,50
pure_top_k,0.3,1.0,30,pairwise_token_jaccard_distance,0.251820308225867,0.18528268599689687,0.31835793045483707,50
pure_top_k,0.3,1.0,30,corpus_distinct_1,0.09261191031437126,0.07795691146514211,0.1072669091636004,50
pure_top_k,0.3,1.0,30,corpus_distinct_2,0.15411779831482902,0.1256693331139728,0.18256626351568525,42
pure_top_k,0.7,1.0,10,correctness,0.42800000000000005,0.3268459550981772,0.5291540449018229,50
pure_top_k,0.7,1.0,10,strict_accuracy,0.28240000000000004,0.17684845232778446,0.3879515476722156,50
pure_top_k,0.7,1.0,10,informativeness,0.342,0.28222934499271407,0.401770655007286,50
pure_top_k,0.7,1.0,10,within_answer_distinct_1,0.972440811160779,0.9625368784838463,0.9823447438377116,50
pure_top_k,0.7,1.0,10,within_answer_distinct_2,0.8053336462696608,0.703372757970467,0.9072945345688544,50
pure_top_k,0.7,1.0,10,trigram_repetition_rate,0.00010944690820851791,0.0,0.00028313581816952503,50
pure_top_k,0.7,1.0,10,model_generation_latency_seconds,0.41950035962797705,0.3364269207777336,0.5025737984782205,50
pure_top_k,0.7,1.0,10,tokens_per_second,41.06973829212736,40.372393795473364,41.76708278878136,50
pure_top_k,0.7,1.0,10,word_length,12.119999999999997,9.501153548601977,14.738846451398018,50
pure_top_k,0.7,1.0,10,stopped_early_on_eos,0.9303999999999999,0.8787433464498521,0.9820566535501477,50
pure_top_k,0.7,1.0,10,unique_answer_rate,0.5343999999999999,0.4348330708719003,0.6339669291280994,50
pure_top_k,0.7,1.0,10,pairwise_token_jaccard_distance,0.43659979629764906,0.36057218014234516,0.512627412452953,50
pure_top_k,0.7,1.0,10,corpus_distinct_1,0.16202170157066362,0.13155682044407763,0.1924865826972496,50
pure_top_k,0.7,1.0,10,corpus_distinct_2,0.31617565703408085,0.2583630688991365,0.3739882451690252,44
pure_top_k,0.7,1.0,15,correctness,0.4396,0.3365631043945908,0.5426368956054092,50
pure_top_k,0.7,1.0,15,strict_accuracy,0.30399999999999994,0.19557381865988266,0.4124261813401172,50
pure_top_k,0.7,1.0,15,informativeness,0.3478000000000001,0.28744381933886154,0.4081561806611387,50
pure_top_k,0.7,1.0,15,within_answer_distinct_1,0.9740643142153251,0.9646328489806429,0.9834957794500073,50
pure_top_k,0.7,1.0,15,within_answer_distinct_2,0.8035354929521253,0.7018861650760849,0.9051848208281658,50
pure_top_k,0.7,1.0,15,trigram_repetition_rate,0.00017285971685971667,0.0,0.0003768308528416018,50
pure_top_k,0.7,1.0,15,model_generation_latency_seconds,0.4267775895467028,0.34303521466769193,0.5105199644257137,50
pure_top_k,0.7,1.0,15,tokens_per_second,40.92821328892654,40.217128086041406,41.63929849181168,50
pure_top_k,0.7,1.0,15,word_length,12.201600000000001,9.606105939421939,14.797094060578063,50
pure_top_k,0.7,1.0,15,stopped_early_on_eos,0.9328,0.884526051083426,0.981073948916574,50
pure_top_k,0.7,1.0,15,unique_answer_rate,0.5392,0.4400755074464439,0.638324492553556,50
pure_top_k,0.7,1.0,15,pairwise_token_jaccard_distance,0.44270458880922553,0.3685584175040441,0.516850760114407,50
pure_top_k,0.7,1.0,15,corpus_distinct_1,0.17458325822043314,0.1444213029917396,0.20474521344912666,50
pure_top_k,0.7,1.0,15,corpus_distinct_2,0.33302621556522816,0.27547417045378303,0.3905782606766733,44
pure_top_k,0.7,1.0,20,correctness,0.4368,0.33690403619765213,0.5366959638023479,50
pure_top_k,0.7,1.0,20,strict_accuracy,0.2944,0.1885316186200998,0.4002683813799002,50
pure_top_k,0.7,1.0,20,informativeness,0.3496000000000001,0.2895102516563766,0.40968974834362354,50
pure_top_k,0.7,1.0,20,within_answer_distinct_1,0.9748882984857928,0.9661616372914041,0.9836149596801815,50
pure_top_k,0.7,1.0,20,within_answer_distinct_2,0.8027546171724379,0.7008948937443021,0.9046143406005737,50
pure_top_k,0.7,1.0,20,trigram_repetition_rate,0.00026965034965034944,9.997564838667896e-06,0.000529303134462031,50
pure_top_k,0.7,1.0,20,model_generation_latency_seconds,0.4201274754609913,0.33699883809654724,0.5032561128254354,50
pure_top_k,0.7,1.0,20,tokens_per_second,41.061415106247075,40.36695133915672,41.75587887333743,50
pure_top_k,0.7,1.0,20,word_length,12.004000000000003,9.413901986719425,14.59409801328058,50
pure_top_k,0.7,1.0,20,stopped_early_on_eos,0.9384,0.891136,0.985664,50
pure_top_k,0.7,1.0,20,unique_answer_rate,0.5392000000000001,0.44010082026575614,0.6382991797342441,50
pure_top_k,0.7,1.0,20,pairwise_token_jaccard_distance,0.43899315698011926,0.3646515334093773,0.5133347805508612,50
pure_top_k,0.7,1.0,20,corpus_distinct_1,0.17398982613581693,0.14488452195982232,0.20309513031181153,50
pure_top_k,0.7,1.0,20,corpus_distinct_2,0.35148096071345103,0.2874209531978915,0.41554096822901054,45
pure_top_k,0.7,1.0,25,correctness,0.428,0.32779285454619517,0.5282071454538049,50
pure_top_k,0.7,1.0,25,strict_accuracy,0.28800000000000003,0.18260091841007348,0.3933990815899266,50
pure_top_k,0.7,1.0,25,informativeness,0.3522,0.292119829028206,0.41228017097179404,50
pure_top_k,0.7,1.0,25,within_answer_distinct_1,0.975072768258303,0.966481345037519,0.983664191479087,50
pure_top_k,0.7,1.0,25,within_answer_distinct_2,0.8107564857525983,0.7112562908566841,0.9102566806485125,50
pure_top_k,0.7,1.0,25,trigram_repetition_rate,0.00024882539682539675,4.269247439755663e-05,0.0004549583192532369,50
pure_top_k,0.7,1.0,25,model_generation_latency_seconds,0.4200646468758583,0.33855969312431544,0.5015696006274012,50
pure_top_k,0.7,1.0,25,tokens_per_second,41.017356999350916,40.30480120817518,41.729912790526654,50
pure_top_k,0.7,1.0,25,word_length,12.183200000000001,9.615913641140903,14.7504863588591,50
pure_top_k,0.7,1.0,25,stopped_early_on_eos,0.9368000000000001,0.8877194581936997,0.9858805418063005,50
pure_top_k,0.7,1.0,25,unique_answer_rate,0.5287999999999999,0.4316684237541673,0.6259315762458326,50
pure_top_k,0.7,1.0,25,pairwise_token_jaccard_distance,0.44338545000121454,0.3684090429311968,0.5183618570712323,50
pure_top_k,0.7,1.0,25,corpus_distinct_1,0.17393148927945978,0.1430569786491242,0.20480599990979537,50
pure_top_k,0.7,1.0,25,corpus_distinct_2,0.33106754663572524,0.26802962970689703,0.39410546356455345,45
pure_top_k,0.7,1.0,30,correctness,0.43800000000000006,0.3328735161816967,0.5431264838183034,50
pure_top_k,0.7,1.0,30,strict_accuracy,0.30560000000000004,0.19477635371456148,0.4164236462854386,50
pure_top_k,0.7,1.0,30,informativeness,0.34600000000000003,0.2835807209269444,0.40841927907305564,50
pure_top_k,0.7,1.0,30,within_answer_distinct_1,0.9753096840236699,0.9662878050149463,0.9843315630323936,50
pure_top_k,0.7,1.0,30,within_answer_distinct_2,0.8037020129724177,0.700096585733203,0.9073074402116325,50
pure_top_k,0.7,1.0,30,trigram_repetition_rate,0.0005180587154780701,7.09407510678735e-06,0.0010290233558493528,50
pure_top_k,0.7,1.0,30,model_generation_latency_seconds,0.4160895507680252,0.33101923905001507,0.5011598624860353,50
pure_top_k,0.7,1.0,30,tokens_per_second,41.17822338817657,40.51367899312625,41.84276778322689,50
pure_top_k,0.7,1.0,30,word_length,11.8488,9.237919486015494,14.459680513984507,50
pure_top_k,0.7,1.0,30,stopped_early_on_eos,0.9272,0.8731287012917204,0.9812712987082797,50
pure_top_k,0.7,1.0,30,unique_answer_rate,0.5184,0.4200703783389766,0.6167296216610234,50
pure_top_k,0.7,1.0,30,pairwise_token_jaccard_distance,0.421373504354475,0.34573455592937447,0.49701245277957556,50
pure_top_k,0.7,1.0,30,corpus_distinct_1,0.14795452816651777,0.12455047800256294,0.1713585783304726,50
pure_top_k,0.7,1.0,30,corpus_distinct_2,0.29130791125065025,0.24904870847819527,0.33356711402310524,42
pure_top_k,1.0,1.0,10,correctness,0.4396,0.3418098887616953,0.5373901112383046,50
pure_top_k,1.0,1.0,10,strict_accuracy,0.2976,0.19465353810839342,0.40054646189160653,50
pure_top_k,1.0,1.0,10,informativeness,0.35300000000000004,0.29286254411766327,0.4131374558823368,50
pure_top_k,1.0,1.0,10,within_answer_distinct_1,0.9743624393075541,0.9664787596957714,0.9822461189193368,50
pure_top_k,1.0,1.0,10,within_answer_distinct_2,0.8112094111488972,0.7134662453371036,0.9089525769606909,50
pure_top_k,1.0,1.0,10,trigram_repetition_rate,0.0003162492430785112,1.6335626926566405e-05,0.0006161628592304561,50
pure_top_k,1.0,1.0,10,model_generation_latency_seconds,0.4257787481361999,0.3453900089063796,0.5061674873660202,50
pure_top_k,1.0,1.0,10,tokens_per_second,40.944214802191055,40.18855244062065,41.699877163761464,50
pure_top_k,1.0,1.0,10,word_length,12.088799999999999,9.61869715341567,14.558902846584328,50
pure_top_k,1.0,1.0,10,stopped_early_on_eos,0.9319999999999999,0.8803705510391597,0.9836294489608401,50
pure_top_k,1.0,1.0,10,unique_answer_rate,0.6352,0.5378529914994816,0.7325470085005183,50
pure_top_k,1.0,1.0,10,pairwise_token_jaccard_distance,0.524879912480286,0.45241224974773153,0.5973475752128404,50
pure_top_k,1.0,1.0,10,corpus_distinct_1,0.2243899379542451,0.19176249393986997,0.2570173819686203,50
pure_top_k,1.0,1.0,10,corpus_distinct_2,0.4414583995174169,0.3807923022120067,0.502124496822827,47
pure_top_k,1.0,1.0,15,correctness,0.442,0.34368690016076187,0.5403130998392381,50
pure_top_k,1.0,1.0,15,strict_accuracy,0.29760000000000003,0.19296154618879352,0.40223845381120654,50
pure_top_k,1.0,1.0,15,informativeness,0.34819999999999995,0.28886724021250987,0.40753275978749004,50
pure_top_k,1.0,1.0,15,within_answer_distinct_1,0.9739729764915468,0.9656735204088324,0.9822724325742612,50
pure_top_k,1.0,1.0,15,within_answer_distinct_2,0.8029474998052794,0.7032465268234805,0.9026484727870782,50
pure_top_k,1.0,1.0,15,trigram_repetition_rate,0.0006770885894614006,0.00019466019893990202,0.0011595169799828993,50
pure_top_k,1.0,1.0,15,model_generation_latency_seconds,0.42730260548125953,0.3460149872296243,0.5085902237328948,50
pure_top_k,1.0,1.0,15,tokens_per_second,41.06858342605344,40.37629670347266,41.760870148634226,50
pure_top_k,1.0,1.0,15,word_length,12.0504,9.588264171363408,14.512535828636592,50
pure_top_k,1.0,1.0,15,stopped_early_on_eos,0.9247999999999998,0.8759474538636929,0.9736525461363068,50
pure_top_k,1.0,1.0,15,unique_answer_rate,0.6312,0.5314435169826041,0.7309564830173959,50
pure_top_k,1.0,1.0,15,pairwise_token_jaccard_distance,0.5215118304920769,0.4443827516452909,0.5986409093388629,50
pure_top_k,1.0,1.0,15,corpus_distinct_1,0.22019892263981092,0.18845549217596536,0.2519423531036565,50
pure_top_k,1.0,1.0,15,corpus_distinct_2,0.43871133416633,0.3768842795785917,0.5005383887540683,46
pure_top_k,1.0,1.0,20,correctness,0.43800000000000006,0.3407839354838924,0.5352160645161077,50
pure_top_k,1.0,1.0,20,strict_accuracy,0.2952,0.192138332712885,0.39826166728711504,50
pure_top_k,1.0,1.0,20,informativeness,0.3452,0.28717783816505976,0.40322216183494025,50
pure_top_k,1.0,1.0,20,within_answer_distinct_1,0.9741836240481956,0.9661116493202446,0.9822555987761465,50
pure_top_k,1.0,1.0,20,within_answer_distinct_2,0.8073125556744353,0.7105582817241229,0.9040668296247476,50
pure_top_k,1.0,1.0,20,trigram_repetition_rate,0.00020366845797880256,0.0,0.000407555413124713,50
pure_top_k,1.0,1.0,20,model_generation_latency_seconds,0.4295275735603644,0.34964679956829237,0.5094083475524365,50
pure_top_k,1.0,1.0,20,tokens_per_second,41.14656904008387,40.46807855009532,41.825059530072416,50
pure_top_k,1.0,1.0,20,word_length,12.185599999999999,9.737301764781094,14.633898235218904,50
pure_top_k,1.0,1.0,20,stopped_early_on_eos,0.9263999999999999,0.878078262282902,0.9747217377170978,50
pure_top_k,1.0,1.0,20,unique_answer_rate,0.6304,0.5319276025680292,0.7288723974319707,50
pure_top_k,1.0,1.0,20,pairwise_token_jaccard_distance,0.5248340374390414,0.4497325204825593,0.5999355543955236,50
pure_top_k,1.0,1.0,20,corpus_distinct_1,0.20673270141419242,0.17659765520852644,0.2368677476198584,50
pure_top_k,1.0,1.0,20,corpus_distinct_2,0.42639292162951786,0.3619543518967946,0.49083149136224113,46
pure_top_k,1.0,1.0,25,correctness,0.4312,0.3334954212741286,0.5289045787258714,50
pure_top_k,1.0,1.0,25,strict_accuracy,0.2864,0.18301095640252785,0.38978904359747213,50
pure_top_k,1.0,1.0,25,informativeness,0.34320000000000006,0.2853694857017509,0.4010305142982492,50
pure_top_k,1.0,1.0,25,within_answer_distinct_1,0.9744741396896296,0.9664034569304527,0.9825448224488065,50
pure_top_k,1.0,1.0,25,within_answer_distinct_2,0.7984933067945683,0.6977158502454718,0.8992707633436648,50
pure_top_k,1.0,1.0,25,trigram_repetition_rate,0.0004229941162175041,8.15419783098186e-05,0.0007644462541251896,50
pure_top_k,1.0,1.0,25,model_generation_latency_seconds,0.42339860746525226,0.3434000111710612,0.5033972037594433,50
pure_top_k,1.0,1.0,25,tokens_per_second,41.1372520625224,40.43050643349871,41.84399769154609,50
pure_top_k,1.0,1.0,25,word_length,12.000800000000002,9.599548741963059,14.402051258036945,50
pure_top_k,1.0,1.0,25,stopped_early_on_eos,0.9312,0.8850190439250117,0.9773809560749883,50
pure_top_k,1.0,1.0,25,unique_answer_rate,0.6304,0.5307373678051799,0.73006263219482,50
pure_top_k,1.0,1.0,25,pairwise_token_jaccard_distance,0.5166608838366579,0.43902448603224736,0.5942972816410683,50
pure_top_k,1.0,1.0,25,corpus_distinct_1,0.21694956761126685,0.1839272680902828,0.2499718671322509,50
pure_top_k,1.0,1.0,25,corpus_distinct_2,0.42384686563483204,0.36237570573854067,0.4853180255311234,45
pure_top_k,1.0,1.0,30,correctness,0.43440000000000006,0.33666409986090073,0.5321359001390994,50
pure_top_k,1.0,1.0,30,strict_accuracy,0.2928,0.19077691367146357,0.39482308632853647,50
pure_top_k,1.0,1.0,30,informativeness,0.3478,0.2898290715616871,0.4057709284383129,50
pure_top_k,1.0,1.0,30,within_answer_distinct_1,0.973498924606734,0.9645370684602113,0.9824607807532568,50
pure_top_k,1.0,1.0,30,within_answer_distinct_2,0.8004586334101589,0.702328087645451,0.8985891791748668,50
pure_top_k,1.0,1.0,30,trigram_repetition_rate,5.866666666666664e-05,0.0,0.00013948621985633585,50
pure_top_k,1.0,1.0,30,model_generation_latency_seconds,0.43365874934010207,0.35200314844822944,0.5153143502319747,50
pure_top_k,1.0,1.0,30,tokens_per_second,40.95953916228362,40.27255557322219,41.646522751345046,50
pure_top_k,1.0,1.0,30,word_length,12.153599999999999,9.677435913365997,14.629764086634001,50
pure_top_k,1.0,1.0,30,stopped_early_on_eos,0.9216,0.870916565862207,0.972283434137793,50
pure_top_k,1.0,1.0,30,unique_answer_rate,0.6408,0.5417198091241242,0.7398801908758759,50
pure_top_k,1.0,1.0,30,pairwise_token_jaccard_distance,0.5356447523298309,0.46065257225391715,0.6106369324057446,50
pure_top_k,1.0,1.0,30,corpus_distinct_1,0.2266672456848179,0.19443924876671087,0.2588952426029249,50
pure_top_k,1.0,1.0,30,corpus_distinct_2,0.4486657937240184,0.3829783312231041,0.5143532562249327,47
pure_top_k,1.5,1.0,10,correctness,0.43799999999999994,0.3459945392924963,0.5300054607075035,50
pure_top_k,1.5,1.0,10,strict_accuracy,0.28319999999999995,0.18512892177609136,0.38127107822390854,50
pure_top_k,1.5,1.0,10,informativeness,0.3494,0.29317251405228933,0.40562748594771064,50
pure_top_k,1.5,1.0,10,within_answer_distinct_1,0.9750313704398178,0.9679929143793753,0.9820698265002603,50
pure_top_k,1.5,1.0,10,within_answer_distinct_2,0.7959198263779242,0.7025230538907269,0.8893165988651216,50
pure_top_k,1.5,1.0,10,trigram_repetition_rate,0.00041326015217319525,1.2634408661064706e-06,0.000825256863480284,50
pure_top_k,1.5,1.0,10,model_generation_latency_seconds,0.4416840674743056,0.365452278425843,0.5179158565227683,50
pure_top_k,1.5,1.0,10,tokens_per_second,40.98053133792369,40.27059853816277,41.690464137684614,50
pure_top_k,1.5,1.0,10,word_length,12.306399999999998,10.020335836784977,14.59246416321502,50
pure_top_k,1.5,1.0,10,stopped_early_on_eos,0.9368000000000001,0.8974186594438432,0.9761813405561569,50
pure_top_k,1.5,1.0,10,unique_answer_rate,0.7184,0.6265884141515898,0.8102115858484102,50
pure_top_k,1.5,1.0,10,pairwise_token_jaccard_distance,0.6218665466579967,0.5542003869631422,0.6895327063528511,50
pure_top_k,1.5,1.0,10,corpus_distinct_1,0.2829100334866385,0.248901182145718,0.31691888482755903,50
pure_top_k,1.5,1.0,10,corpus_distinct_2,0.5403766731611523,0.48537342457905325,0.5953799217432514,48
pure_top_k,1.5,1.0,15,correctness,0.42480000000000007,0.3328947353847453,0.5167052646152548,50
pure_top_k,1.5,1.0,15,strict_accuracy,0.2608,0.1639542534542688,0.3576457465457311,50
pure_top_k,1.5,1.0,15,informativeness,0.3406,0.28387830242314677,0.39732169757685326,50
pure_top_k,1.5,1.0,15,within_answer_distinct_1,0.9756655351514911,0.9683766850570613,0.9829543852459209,50
pure_top_k,1.5,1.0,15,within_answer_distinct_2,0.8004454884120727,0.7083379517201627,0.8925530251039828,50
pure_top_k,1.5,1.0,15,trigram_repetition_rate,6.956521739130417e-05,0.0,0.00016498881780581382,50
pure_top_k,1.5,1.0,15,model_generation_latency_seconds,0.4412317740708589,0.36317145999778505,0.5192920881439328,50
pure_top_k,1.5,1.0,15,tokens_per_second,41.026565317387956,40.32564438779969,41.72748624697622,50
pure_top_k,1.5,1.0,15,word_length,12.1952,9.840112277458863,14.550287722541137,50
pure_top_k,1.5,1.0,15,stopped_early_on_eos,0.9256,0.8787197378846918,0.9724802621153081,50
pure_top_k,1.5,1.0,15,unique_answer_rate,0.7376,0.6467443187467069,0.8284556812532932,50
pure_top_k,1.5,1.0,15,pairwise_token_jaccard_distance,0.637824568531956,0.5678698195470832,0.7077793175168289,50
pure_top_k,1.5,1.0,15,corpus_distinct_1,0.29614321055910825,0.261724562330673,0.3305618587875435,50
pure_top_k,1.5,1.0,15,corpus_distinct_2,0.5718440675369432,0.515257510154651,0.6284306249192353,48
pure_top_k,1.5,1.0,20,correctness,0.446,0.3551953481367832,0.5368046518632168,50
pure_top_k,1.5,1.0,20,strict_accuracy,0.28,0.1823349724824695,0.37766502751753056,50
pure_top_k,1.5,1.0,20,informativeness,0.3506,0.29395298969936723,0.4072470103006328,50
pure_top_k,1.5,1.0,20,within_answer_distinct_1,0.9732061498420541,0.9665004506202666,0.9799118490638417,50
pure_top_k,1.5,1.0,20,within_answer_distinct_2,0.8128416347034297,0.7219562311457948,0.9037270382610647,50
pure_top_k,1.5,1.0,20,trigram_repetition_rate,0.0003757776913874471,0.0,0.0007899643944349122,50
pure_top_k,1.5,1.0,20,model_generation_latency_seconds,0.4674916644576937,0.3918677407587574,0.54311558815663,50
pure_top_k,1.5,1.0,20,tokens_per_second,40.945681970871476,40.20563779441328,41.685726147329675,50
pure_top_k,1.5,1.0,20,word_length,13.012799999999997,10.756847034589592,15.268752965410402,50
pure_top_k,1.5,1.0,20,stopped_early_on_eos,0.9144,0.8707337867911585,0.9580662132088414,50
pure_top_k,1.5,1.0,20,unique_answer_rate,0.7448,0.656528935295874,0.8330710647041261,50
pure_top_k,1.5,1.0,20,pairwise_token_jaccard_distance,0.6495013301683805,0.5849160299601682,0.7140866303765928,50
pure_top_k,1.5,1.0,20,corpus_distinct_1,0.2992516705111064,0.2681975850012544,0.3303057560209584,50
pure_top_k,1.5,1.0,20,corpus_distinct_2,0.578504116755168,0.5224104216319381,0.6345978118783979,49
pure_top_k,1.5,1.0,25,correctness,0.43320000000000003,0.3437779066225802,0.5226220933774199,50
pure_top_k,1.5,1.0,25,strict_accuracy,0.2664,0.1716660064390823,0.36113399356091774,50
pure_top_k,1.5,1.0,25,informativeness,0.3464,0.29151497165893053,0.40128502834106944,50
pure_top_k,1.5,1.0,25,within_answer_distinct_1,0.9731739299751366,0.9658320864447992,0.980515773505474,50
pure_top_k,1.5,1.0,25,within_answer_distinct_2,0.80583015312952,0.7155147375744948,0.8961455686845452,50
pure_top_k,1.5,1.0,25,trigram_repetition_rate,0.00016723502304147458,3.2922689741816404e-06,0.0003311777771087675,50
pure_top_k,1.5,1.0,25,model_generation_latency_seconds,0.4602420148955658,0.3830838618653974,0.5374001679257343,50
pure_top_k,1.5,1.0,25,tokens_per_second,40.91408267438936,40.17379028947797,41.654375059300754,50
pure_top_k,1.5,1.0,25,word_length,12.510399999999999,10.286198928456331,14.734601071543667,50
pure_top_k,1.5,1.0,25,stopped_early_on_eos,0.9152000000000001,0.8682860355118011,0.9621139644881992,50
pure_top_k,1.5,1.0,25,unique_answer_rate,0.76,0.673303028887971,0.846696971112029,50
pure_top_k,1.5,1.0,25,pairwise_token_jaccard_distance,0.6607397219419849,0.5940811423636021,0.7273983015203678,50
pure_top_k,1.5,1.0,25,corpus_distinct_1,0.3189418669881005,0.2869745327660296,0.35090920121017144,50
pure_top_k,1.5,1.0,25,corpus_distinct_2,0.605352959415389,0.5510472078279133,0.6596587110028648,49
pure_top_k,1.5,1.0,30,correctness,0.4427999999999999,0.35462526584105847,0.5309747341589414,50
pure_top_k,1.5,1.0,30,strict_accuracy,0.27440000000000003,0.17939098686966592,0.36940901313033414,50
pure_top_k,1.5,1.0,30,informativeness,0.3389999999999999,0.2840222299470049,0.39397777005299495,50
pure_top_k,1.5,1.0,30,within_answer_distinct_1,0.976487121811174,0.9696945260189391,0.9832797176034089,50
pure_top_k,1.5,1.0,30,within_answer_distinct_2,0.8112630491959245,0.7219647018430103,0.9005613965488387,50
pure_top_k,1.5,1.0,30,trigram_repetition_rate,0.0004536017960534089,0.0,0.0009465960691634895,50
pure_top_k,1.5,1.0,30,model_generation_latency_seconds,0.4490604835495353,0.37294473754880353,0.5251762295502671,50
pure_top_k,1.5,1.0,30,tokens_per_second,41.116271875328096,40.43639133388938,41.79615241676681,50
pure_top_k,1.5,1.0,30,word_length,12.363199999999999,10.092518463459923,14.633881536540075,50
pure_top_k,1.5,1.0,30,stopped_early_on_eos,0.9159999999999999,0.8709626288511418,0.961037371148858,50
pure_top_k,1.5,1.0,30,unique_answer_rate,0.7496,0.6593635802128653,0.8398364197871347,50
pure_top_k,1.5,1.0,30,pairwise_token_jaccard_distance,0.6574749694959137,0.5901182326283181,0.7248317063635092,50
pure_top_k,1.5,1.0,30,corpus_distinct_1,0.3033493661182283,0.26910639090002497,0.3375923413364317,50
pure_top_k,1.5,1.0,30,corpus_distinct_2,0.574228360877926,0.5227127106353785,0.6257440111204734,48
pure_top_p,0.1,0.6,0,correctness,0.4452,0.32701049088857337,0.5633895091114266,50
pure_top_p,0.1,0.6,0,strict_accuracy,0.3104,0.1825911667528414,0.43820883324715865,50
pure_top_p,0.1,0.6,0,informativeness,0.3296,0.26168291926179393,0.3975170807382061,50
pure_top_p,0.1,0.6,0,within_answer_distinct_1,0.9813537383862179,0.9701436501234139,0.9925638266490219,50
pure_top_p,0.1,0.6,0,within_answer_distinct_2,0.7996307692307693,0.6876801343346994,0.9115814041268391,50
pure_top_p,0.1,0.6,0,trigram_repetition_rate,0.0,0.0,0.0,50
pure_top_p,0.1,0.6,0,model_generation_latency_seconds,0.3998561956513672,0.3047516464309765,0.4949607448717579,50
pure_top_p,0.1,0.6,0,tokens_per_second,40.93137674352678,40.21853720379276,41.6442162832608,50
pure_top_p,0.1,0.6,0,word_length,11.3552,8.403300973260773,14.307099026739227,50
pure_top_p,0.1,0.6,0,stopped_early_on_eos,0.9,0.8160000000000001,0.984,50
pure_top_p,0.1,0.6,0,unique_answer_rate,0.0456,0.04058620144002574,0.05061379855997426,50
pure_top_p,0.1,0.6,0,pairwise_token_jaccard_distance,0.025494306859981917,0.001959307531307311,0.04902930618865652,50
pure_top_p,0.1,0.6,0,corpus_distinct_1,0.040162504671666224,0.03896064143352895,0.041364367909803496,50
pure_top_p,0.1,0.6,0,corpus_distinct_2,0.042994427511902474,0.03997380205121576,0.04601505297258919,40
pure_top_p,0.1,0.8,0,correctness,0.4368000000000001,0.32080908835602684,0.5527909116439733,50
pure_top_p,0.1,0.8,0,strict_accuracy,0.3032,0.1779984265913563,0.4284015734086437,50
pure_top_p,0.1,0.8,0,informativeness,0.32280000000000003,0.25752446289765213,0.38807553710234793,50
pure_top_p,0.1,0.8,0,within_answer_distinct_1,0.9804553067596392,0.969303166844027,0.9916074466752515,50
pure_top_p,0.1,0.8,0,within_answer_distinct_2,0.7955293123543123,0.6838808108640082,0.9071778138446165,50
pure_top_p,0.1,0.8,0,trigram_repetition_rate,0.0,0.0,0.0,50
pure_top_p,0.1,0.8,0,model_generation_latency_seconds,0.3996113911714405,0.3045123674694383,0.4947104148734427,50
pure_top_p,0.1,0.8,0,tokens_per_second,40.94001503997878,40.27292816524021,41.607101914717354,50
pure_top_p,0.1,0.8,0,word_length,11.303200000000002,8.373873377517628,14.232526622482377,50
pure_top_p,0.1,0.8,0,stopped_early_on_eos,0.9191999999999999,0.8474678689567916,0.9909321310432082,50
pure_top_p,0.1,0.8,0,unique_answer_rate,0.06720000000000001,0.05113434271497118,0.08326565728502884,50
pure_top_p,0.1,0.8,0,pairwise_token_jaccard_distance,0.06711069006421093,0.030827710128641696,0.10339366999978017,50
pure_top_p,0.1,0.8,0,corpus_distinct_1,0.04418759787060696,0.04098892952465086,0.047386266216563055,50
pure_top_p,0.1,0.8,0,corpus_distinct_2,0.05222426060816512,0.04439955307309928,0.060048968143230956,40
pure_top_p,0.1,0.9,0,correctness,0.43479999999999996,0.320780864483193,0.5488191355168069,50
pure_top_p,0.1,0.9,0,strict_accuracy,0.29359999999999997,0.17163595966023426,0.4155640403397657,50
pure_top_p,0.1,0.9,0,informativeness,0.3186,0.25475260744556594,0.38244739255443405,50
pure_top_p,0.1,0.9,0,within_answer_distinct_1,0.9801770845858955,0.968978499456447,0.991375669715344,50
pure_top_p,0.1,0.9,0,within_answer_distinct_2,0.7899965754833401,0.677817994166898,0.9021751567997822,50
pure_top_p,0.1,0.9,0,trigram_repetition_rate,0.0,0.0,0.0,50
pure_top_p,0.1,0.9,0,model_generation_latency_seconds,0.397232780613564,0.302828325917124,0.491637235310004,50
pure_top_p,0.1,0.9,0,tokens_per_second,40.88455919411333,40.21617892908561,41.55293945914105,50
pure_top_p,0.1,0.9,0,word_length,11.205599999999999,8.31172197980357,14.099478020196427,50
pure_top_p,0.1,0.9,0,stopped_early_on_eos,0.9152000000000001,0.8429399469692972,0.987460053030703,50
pure_top_p,0.1,0.9,0,unique_answer_rate,0.0728,0.053441163671336035,0.09215883632866398,50
pure_top_p,0.1,0.9,0,pairwise_token_jaccard_distance,0.0698243882055332,0.029999632880318074,0.10964914353074834,50
pure_top_p,0.1,0.9,0,corpus_distinct_1,0.046597436866905595,0.04177372488801117,0.05142114884580002,50
pure_top_p,0.1,0.9,0,corpus_distinct_2,0.057264358098878934,0.04578727487664559,0.06874144132111228,40
pure_top_p,0.1,0.95,0,correctness,0.4376,0.32385166191983283,0.5513483380801671,50
pure_top_p,0.1,0.95,0,strict_accuracy,0.2984,0.1754811353127601,0.4213188646872399,50
pure_top_p,0.1,0.95,0,informativeness,0.3264,0.2618109487916102,0.39098905120838984,50
pure_top_p,0.1,0.95,0,within_answer_distinct_1,0.9803709450826585,0.9694461044243943,0.9912957857409228,50
pure_top_p,0.1,0.95,0,within_answer_distinct_2,0.8002514644775514,0.6918210040779798,0.908681924877123,50
pure_top_p,0.1,0.95,0,trigram_repetition_rate,0.0,0.0,0.0,50
pure_top_p,0.1,0.95,0,model_generation_latency_seconds,0.40314479170292616,0.30860989997464344,0.4976796834312089,50
pure_top_p,0.1,0.95,0,tokens_per_second,40.76041318832963,40.04811331427931,41.472713062379945,50
pure_top_p,0.1,0.95,0,word_length,11.3368,8.470535448849148,14.203064551150852,50
pure_top_p,0.1,0.95,0,stopped_early_on_eos,0.9192,0.8503955275872274,0.9880044724127727,50
pure_top_p,0.1,0.95,0,unique_answer_rate,0.0912,0.06413026959868275,0.11826973040131726,50
pure_top_p,0.1,0.95,0,pairwise_token_jaccard_distance,0.09256990992649072,0.049484780688314495,0.13565503916466695,50
pure_top_p,0.1,0.95,0,corpus_distinct_1,0.053430527867865625,0.04479093493859751,0.06207012079713374,50
pure_top_p,0.1,0.95,0,corpus_distinct_2,0.07126264670160057,0.052664259273980676,0.08986103412922046,42
pure_top_p,0.3,0.6,0,correctness,0.4396,0.32368411215023196,0.555515887849768,50
pure_top_p,0.3,0.6,0,strict_accuracy,0.3064,0.18195172023687914,0.4308482797631209,50
pure_top_p,0.3,0.6,0,informativeness,0.32239999999999996,0.25661117711951364,0.3881888228804863,50
pure_top_p,0.3,0.6,0,within_answer_distinct_1,0.981258807985183,0.9701681733152959,0.99234944265507,50
pure_top_p,0.3,0.6,0,within_answer_distinct_2,0.7905172494172494,0.6785165232270081,0.9025179756074908,50
pure_top_p,0.3,0.6,0,trigram_repetition_rate,0.0,0.0,0.0,50
pure_top_p,0.3,0.6,0,model_generation_latency_seconds,0.39891799377258863,0.3036314193697593,0.49420456817541797,50
pure_top_p,0.3,0.6,0,tokens_per_second,40.7367244839811,40.01589636711363,41.457552600848565,50
pure_top_p,0.3,0.6,0,word_length,11.207999999999997,8.298195165857337,14.117804834142657,50
pure_top_p,0.3,0.6,0,stopped_early_on_eos,0.9152,0.8428705422113507,0.9875294577886493,50
pure_top_p,0.3,0.6,0,unique_answer_rate,0.0664,0.051607517584935245,0.08119248241506476,50
pure_top_p,0.3,0.6,0,pairwise_token_jaccard_distance,0.0775074790344315,0.036952501849474774,0.11806245621938824,50
pure_top_p,0.3,0.6,0,corpus_distinct_1,0.045477806652056606,0.04172707469673173,0.04922853860738148,50
pure_top_p,0.3,0.6,0,corpus_distinct_2,0.053215584268416036,0.04571971408706986,0.06071145444976221,40
pure_top_p,0.3,0.8,0,correctness,0.43439999999999995,0.32353674469870547,0.5452632553012944,50
pure_top_p,0.3,0.8,0,strict_accuracy,0.2896,0.17097386352072325,0.4082261364792768,50
pure_top_p,0.3,0.8,0,informativeness,0.3258,0.26358934316373117,0.3880106568362688,50
pure_top_p,0.3,0.8,0,within_answer_distinct_1,0.9807978669720283,0.9709987261243748,0.9905970078196819,50
pure_top_p,0.3,0.8,0,within_answer_distinct_2,0.8009292539964535,0.6935963938629984,0.9082621141299086,50
pure_top_p,0.3,0.8,0,trigram_repetition_rate,0.0,0.0,0.0,50
pure_top_p,0.3,0.8,0,model_generation_latency_seconds,0.40117288750354196,0.30998412261989405,0.4923616523871899,50
pure_top_p,0.3,0.8,0,tokens_per_second,40.83859046965722,40.148636632944125,41.528544306370314,50
pure_top_p,0.3,0.8,0,word_length,11.367199999999999,8.57893739089303,14.155462609106968,50
pure_top_p,0.3,0.8,0,stopped_early_on_eos,0.9263999999999999,0.8673744060936274,0.9854255939063724,50
pure_top_p,0.3,0.8,0,unique_answer_rate,0.16,0.10737191624237113,0.21262808375762887,50
pure_top_p,0.3,0.8,0,pairwise_token_jaccard_distance,0.1724648826843004,0.11296690418876187,0.23196286117983894,50
pure_top_p,0.3,0.8,0,corpus_distinct_1,0.06637653969764518,0.05523905555435026,0.07751402384094008,50
pure_top_p,0.3,0.8,0,corpus_distinct_2,0.09802178985628063,0.07423150733458658,0.12181207237797467,42
pure_top_p,0.3,0.9,0,correctness,0.4316,0.3225043534507449,0.5406956465492551,50
pure_top_p,0.3,0.9,0,strict_accuracy,0.292,0.17427206958414665,0.4097279304158533,50
pure_top_p,0.3,0.9,0,informativeness,0.33159999999999995,0.26892911923388974,0.39427088076611017,50
pure_top_p,0.3,0.9,0,within_answer_distinct_1,0.9788240284673333,0.9688118345444676,0.988836222390199,50
pure_top_p,0.3,0.9,0,within_answer_distinct_2,0.8024481608371794,0.6961391525599764,0.9087571691143824,50
pure_top_p,0.3,0.9,0,trigram_repetition_rate,0.0,0.0,0.0,50
pure_top_p,0.3,0.9,0,model_generation_latency_seconds,0.40459161504786456,0.3129230373165826,0.4962601927791465,50
pure_top_p,0.3,0.9,0,tokens_per_second,40.714990092994924,39.983033313148496,41.44694687284135,50
pure_top_p,0.3,0.9,0,word_length,11.441600000000001,8.655462318819115,14.227737681180887,50
pure_top_p,0.3,0.9,0,stopped_early_on_eos,0.9303999999999999,0.8749488011310845,0.9858511988689153,50
pure_top_p,0.3,0.9,0,unique_answer_rate,0.20879999999999996,0.1447230782262443,0.2728769217737556,50
pure_top_p,0.3,0.9,0,pairwise_token_jaccard_distance,0.20848989780196917,0.14531731904215667,0.27166247656178166,50
pure_top_p,0.3,0.9,0,corpus_distinct_1,0.07298957352587081,0.06183760862773216,0.08414153842400945,50
pure_top_p,0.3,0.9,0,corpus_distinct_2,0.11282280661471453,0.08929189840774711,0.13635371482168196,42
pure_top_p,0.3,0.95,0,correctness,0.4336,0.32575126919615605,0.5414487308038439,50
pure_top_p,0.3,0.95,0,strict_accuracy,0.2928,0.17643981546937976,0.40916018453062025,50
pure_top_p,0.3,0.95,0,informativeness,0.335,0.27177391677479934,0.3982260832252007,50
pure_top_p,0.3,0.95,0,within_answer_distinct_1,0.9792707009583761,0.9696482626488598,0.9888931392678924,50
pure_top_p,0.3,0.95,0,within_answer_distinct_2,0.800756068549504,0.6940101996872376,0.9075019374117703,50
pure_top_p,0.3,0.95,0,trigram_repetition_rate,6.944444444444432e-05,0.0,0.0001709287982832211,50
pure_top_p,0.3,0.95,0,model_generation_latency_seconds,0.4062469358924776,0.31647606050871485,0.4960178112762404,50
pure_top_p,0.3,0.95,0,tokens_per_second,40.54968755051015,39.84676066935574,41.25261443166456,50
pure_top_p,0.3,0.95,0,word_length,11.431199999999999,8.676391308438278,14.18600869156172,50
pure_top_p,0.3,0.95,0,stopped_early_on_eos,0.9352000000000001,0.8827203804891843,0.987679619510816,50
pure_top_p,0.3,0.95,0,unique_answer_rate,0.25359999999999994,0.17741990853247808,0.3297800914675218,50
pure_top_p,0.3,0.95,0,pairwise_token_jaccard_distance,0.23252932587944264,0.16812985829945318,0.2969287934594321,50
pure_top_p,0.3,0.95,0,corpus_distinct_1,0.08865168924414657,0.07341194494183617,0.10389143354645697,50
pure_top_p,0.3,0.95,0,corpus_distinct_2,0.14361953684815346,0.11439691483916664,0.17284215885714027,42
pure_top_p,0.7,0.6,0,correctness,0.44160000000000005,0.3335049709931118,0.5496950290068883,50
pure_top_p,0.7,0.6,0,strict_accuracy,0.30079999999999996,0.18337100433027623,0.4182289956697237,50
pure_top_p,0.7,0.6,0,informativeness,0.33620000000000005,0.271245093303123,0.4011549066968771,50
pure_top_p,0.7,0.6,0,within_answer_distinct_1,0.9794995290105709,0.9695874865389059,0.9894115714822359,50
pure_top_p,0.7,0.6,0,within_answer_distinct_2,0.8045929470943745,0.699140351807145,0.910045542381604,50
pure_top_p,0.7,0.6,0,trigram_repetition_rate,0.0,0.0,0.0,50
pure_top_p,0.7,0.6,0,model_generation_latency_seconds,0.40347740822993217,0.3140190018090677,0.4929358146507966,50
pure_top_p,0.7,0.6,0,tokens_per_second,40.78102342391924,40.07048613577733,41.491560712061144,50
pure_top_p,0.7,0.6,0,word_length,11.3096,8.63812148437312,13.98107851562688,50
pure_top_p,0.7,0.6,0,stopped_early_on_eos,0.9375999999999999,0.8846316961192827,0.990568303880717,50
pure_top_p,0.7,0.6,0,unique_answer_rate,0.1992,0.12970618859207678,0.2686938114079232,50
pure_top_p,0.7,0.6,0,pairwise_token_jaccard_distance,0.2193316893690282,0.1503259897133385,0.2883373890247179,50
pure_top_p,0.7,0.6,0,corpus_distinct_1,0.07015411199444435,0.058611879528763754,0.08169634446012494,50
pure_top_p,0.7,0.6,0,corpus_distinct_2,0.10617926352033413,0.08115781954269252,0.13120070749797574,42
pure_top_p,0.7,0.8,0,correctness,0.44120000000000004,0.3351163692929018,0.5472836307070983,50
pure_top_p,0.7,0.8,0,strict_accuracy,0.30879999999999996,0.19738302147338582,0.4202169785266141,50
pure_top_p,0.7,0.8,0,informativeness,0.3368,0.2746086277366386,0.3989913722633614,50
pure_top_p,0.7,0.8,0,within_answer_distinct_1,0.9765971435671987,0.9674457572553743,0.9857485298790232,50
pure_top_p,0.7,0.8,0,within_answer_distinct_2,0.8030126357185224,0.698849802696551,0.9071754687404939,50
pure_top_p,0.7,0.8,0,trigram_repetition_rate,7.438596491228057e-05,0.0,0.000159398570861082,50
pure_top_p,0.7,0.8,0,model_generation_latency_seconds,0.3989261187456548,0.316067463403112,0.48178477408819764,50
pure_top_p,0.7,0.8,0,tokens_per_second,40.901309898775,40.20384300764662,41.598776789903376,50
pure_top_p,0.7,0.8,0,word_length,11.459200000000001,8.823937112881525,14.094462887118477,50
pure_top_p,0.7,0.8,0,stopped_early_on_eos,0.9488,0.9084153407343828,0.9891846592656172,50
pure_top_p,0.7,0.8,0,unique_answer_rate,0.3696,0.2790374897874402,0.46016251021255977,50
pure_top_p,0.7,0.8,0,pairwise_token_jaccard_distance,0.3428806659489389,0.2669038063477388,0.418857525550139,50
pure_top_p,0.7,0.8,0,corpus_distinct_1,0.10564008154420797,0.08739679154672877,0.12388337154168716,50
pure_top_p,0.7,0.8,0,corpus_distinct_2,0.19091395386002596,0.1541352682106232,0.22769263950942872,42
pure_top_p,0.7,0.9,0,correctness,0.4236,0.3204584587278239,0.5267415412721761,50
pure_top_p,0.7,0.9,0,strict_accuracy,0.2792,0.17083191141299947,0.38756808858700054,50
pure_top_p,0.7,0.9,0,informativeness,0.33759999999999996,0.2771133633270951,0.39808663667290484,50
pure_top_p,0.7,0.9,0,within_answer_distinct_1,0.9775054368635856,0.9688862664124858,0.9861246073146854,50
pure_top_p,0.7,0.9,0,within_answer_distinct_2,0.8060933788788154,0.7027540754258947,0.909432682331736,50
pure_top_p,0.7,0.9,0,trigram_repetition_rate,9.804878048780479e-05,0.0,0.0002551901697035046,50
pure_top_p,0.7,0.9,0,model_generation_latency_seconds,0.4143130684841424,0.3302434108716401,0.4983827260966447,50
pure_top_p,0.7,0.9,0,tokens_per_second,40.88714985856147,40.23047145882935,41.543828258293594,50
pure_top_p,0.7,0.9,0,word_length,11.9,9.242363660693963,14.557636339306038,50
pure_top_p,0.7,0.9,0,stopped_early_on_eos,0.9368,0.8890669717700626,0.9845330282299374,50
pure_top_p,0.7,0.9,0,unique_answer_rate,0.4536,0.3569521115802316,0.5502478884197683,50
pure_top_p,0.7,0.9,0,pairwise_token_jaccard_distance,0.397202192320088,0.32203886618702343,0.4723655184531526,50
pure_top_p,0.7,0.9,0,corpus_distinct_1,0.13326726792027363,0.10684128890824268,0.15969324693230458,50
pure_top_p,0.7,0.9,0,corpus_distinct_2,0.24991965819780268,0.20022214211034395,0.2996171742852614,43
pure_top_p,0.7,0.95,0,correctness,0.442,0.3379107767345726,0.5460892232654274,50
pure_top_p,0.7,0.95,0,strict_accuracy,0.3048,0.1961221344339152,0.4134778655660848,50
pure_top_p,0.7,0.95,0,informativeness,0.3452,0.2834544700889206,0.4069455299110794,50
pure_top_p,0.7,0.95,0,within_answer_distinct_1,0.9755454846797812,0.9668823857705006,0.9842085835890618,50
pure_top_p,0.7,0.95,0,within_answer_distinct_2,0.8008949890945521,0.6986600267792716,0.9031299514098327,50
pure_top_p,0.7,0.95,0,trigram_repetition_rate,0.00022943932167461545,0.0,0.00046450777371142963,50
pure_top_p,0.7,0.95,0,model_generation_latency_seconds,0.42148982186466455,0.3349790898267402,0.5080005539025889,50
pure_top_p,0.7,0.95,0,tokens_per_second,40.80131036764294,40.0746796040109,41.52794113127498,50
pure_top_p,0.7,0.95,0,word_length,11.959200000000001,9.326483783575602,14.5919162164244,50
pure_top_p,0.7,0.95,0,stopped_early_on_eos,0.9344,0.8820223045944173,0.9867776954055827,50
pure_top_p,0.7,0.95,0,unique_answer_rate,0.4952,0.39550389343610254,0.5948961065638975,50
pure_top_p,0.7,0.95,0,pairwise_token_jaccard_distance,0.4123386756008759,0.3373724883620643,0.4873048628396875,50
pure_top_p,0.7,0.95,0,corpus_distinct_1,0.14670710257918412,0.11943024818833398,0.17398395697003427,50
pure_top_p,0.7,0.95,0,corpus_distinct_2,0.28090775381982114,0.23007949932599311,0.33173600831364913,43
pure_top_p,1.0,0.6,0,correctness,0.4372,0.330670335849586,0.5437296641504139,50
pure_top_p,1.0,0.6,0,strict_accuracy,0.2984,0.18463953192782656,0.41216046807217344,50
pure_top_p,1.0,0.6,0,informativeness,0.33640000000000003,0.2725949850246864,0.4002050149753137,50
pure_top_p,1.0,0.6,0,within_answer_distinct_1,0.9762210752879134,0.966141012116034,0.9863011384597927,50
pure_top_p,1.0,0.6,0,within_answer_distinct_2,0.808358013978494,0.704022066238645,0.912693961718343,50
pure_top_p,1.0,0.6,0,trigram_repetition_rate,2.352941176470584e-05,0.0,6.964705882352929e-05,50
pure_top_p,1.0,0.6,0,model_generation_latency_seconds,0.4108662669617682,0.3223154755101743,0.4994170584133621,50
pure_top_p,1.0,0.6,0,tokens_per_second,40.81426511778889,40.143125868804916,41.48540436677287,50
pure_top_p,1.0,0.6,0,word_length,11.722399999999999,8.979453998997428,14.465346001002569,50
pure_top_p,1.0,0.6,0,stopped_early_on_eos,0.9328,0.8774108192514097,0.9881891807485902,50
pure_top_p,1.0,0.6,0,unique_answer_rate,0.3344,0.24500294984732435,0.4237970501526756,50
pure_top_p,1.0,0.6,0,pairwise_token_jaccard_distance,0.3159981939661306,0.23968175460577545,0.39231463332648575,50
pure_top_p,1.0,0.6,0,corpus_distinct_1,0.09679260938103675,0.07948213540143749,0.114103083360636,50
pure_top_p,1.0,0.6,0,corpus_distinct_2,0.16899918528826763,0.13227854996322871,0.20571982061330654,42
pure_top_p,1.0,0.8,0,correctness,0.4292,0.32608570504532364,0.5323142949546764,50
pure_top_p,1.0,0.8,0,strict_accuracy,0.28800000000000003,0.18078376242378214,0.39521623757621793,50
pure_top_p,1.0,0.8,0,informativeness,0.3440000000000001,0.28107782584811625,0.4069221741518839,50
pure_top_p,1.0,0.8,0,within_answer_distinct_1,0.9745357784948868,0.9656983230480012,0.9833732339417725,50
pure_top_p,1.0,0.8,0,within_answer_distinct_2,0.8003742367700474,0.6959271024635365,0.9048213710765582,50
pure_top_p,1.0,0.8,0,trigram_repetition_rate,0.00015554106677636073,1.8454922467421104e-05,0.00029262721108530034,50
pure_top_p,1.0,0.8,0,model_generation_latency_seconds,0.42106021727770565,0.33615043559763663,0.5059699989577747,50
pure_top_p,1.0,0.8,0,tokens_per_second,40.90172685422113,40.22623186558311,41.57722184285915,50
pure_top_p,1.0,0.8,0,word_length,12.003200000000001,9.40754077236938,14.598859227630623,50
pure_top_p,1.0,0.8,0,stopped_early_on_eos,0.9335999999999999,0.8851615861531366,0.9820384138468632,50
pure_top_p,1.0,0.8,0,unique_answer_rate,0.508,0.40701971677599635,0.6089802832240037,50
pure_top_p,1.0,0.8,0,pairwise_token_jaccard_distance,0.42751318875499633,0.34740771030545164,0.5076186672045411,50
pure_top_p,1.0,0.8,0,corpus_distinct_1,0.14046245668001667,0.11496288279487973,0.1659620305651536,50
pure_top_p,1.0,0.8,0,corpus_distinct_2,0.27149809096383887,0.22430015635552294,0.31869602557215476,42
pure_top_p,1.0,0.9,0,correctness,0.44439999999999996,0.34446053544269906,0.5443394645573009,50
pure_top_p,1.0,0.9,0,strict_accuracy,0.2992,0.1940573491679043,0.40434265083209575,50
pure_top_p,1.0,0.9,0,informativeness,0.34759999999999996,0.2874617358414794,0.40773826415852055,50
pure_top_p,1.0,0.9,0,within_answer_distinct_1,0.973149248831923,0.9643391403875771,0.9819593572762689,50
pure_top_p,1.0,0.9,0,within_answer_distinct_2,0.7909660607871851,0.6888918453453245,0.8930402762290457,50
pure_top_p,1.0,0.9,0,trigram_repetition_rate,0.00035194003705683326,0.0,0.0007224868761211362,50
pure_top_p,1.0,0.9,0,model_generation_latency_seconds,0.42168726237826043,0.3396755379320211,0.5036989868244998,50
pure_top_p,1.0,0.9,0,tokens_per_second,40.95256817260753,40.274377621476425,41.63075872373863,50
pure_top_p,1.0,0.9,0,word_length,11.94,9.407095547321218,14.472904452678781,50
pure_top_p,1.0,0.9,0,stopped_early_on_eos,0.9375999999999999,0.8925676425667053,0.9826323574332945,50
pure_top_p,1.0,0.9,0,unique_answer_rate,0.5824,0.47933176039147657,0.6854682396085234,50
pure_top_p,1.0,0.9,0,pairwise_token_jaccard_distance,0.4802146969364838,0.4024861782664274,0.5579432156065401,50
pure_top_p,1.0,0.9,0,corpus_distinct_1,0.17114758359650728,0.14215362452727182,0.20014154266574274,50
pure_top_p,1.0,0.9,0,corpus_distinct_2,0.33291618151280955,0.2824717668020703,0.3833605962235488,43
pure_top_p,1.0,0.95,0,correctness,0.43599999999999994,0.3373954646073518,0.5346045353926481,50
pure_top_p,1.0,0.95,0,strict_accuracy,0.2912,0.18663637772150396,0.39576362227849604,50
pure_top_p,1.0,0.95,0,informativeness,0.345,0.2850950486186659,0.40490495138133403,50
pure_top_p,1.0,0.95,0,within_answer_distinct_1,0.9762211508882137,0.9680984483271247,0.9843438534493028,50
pure_top_p,1.0,0.95,0,within_answer_distinct_2,0.8051329487620731,0.7051066899273114,0.9051592075968348,50
pure_top_p,1.0,0.95,0,trigram_repetition_rate,0.0002371929824561402,0.0,0.0005350542418318313,50
pure_top_p,1.0,0.95,0,model_generation_latency_seconds,0.42446473258268086,0.343225441008005,0.5057040241573567,50
pure_top_p,1.0,0.95,0,tokens_per_second,40.893734165367285,40.19032365375304,41.59714467698153,50
pure_top_p,1.0,0.95,0,word_length,11.876800000000001,9.453914232906556,14.299685767093447,50
pure_top_p,1.0,0.95,0,stopped_early_on_eos,0.9375999999999999,0.8903917674976068,0.9848082325023929,50
pure_top_p,1.0,0.95,0,unique_answer_rate,0.5975999999999999,0.4964419868917938,0.6987580131082061,50
pure_top_p,1.0,0.95,0,pairwise_token_jaccard_distance,0.4997190586758855,0.4202358405508459,0.5792022768009251,50
pure_top_p,1.0,0.95,0,corpus_distinct_1,0.19904190706341865,0.16399063276315604,0.23409318136368126,50
pure_top_p,1.0,0.95,0,corpus_distinct_2,0.38369676678692605,0.32450533473210785,0.44288819884174424,44
pure_top_p,1.5,0.6,0,correctness,0.4348,0.33666850422010275,0.5329314957798973,50
pure_top_p,1.5,0.6,0,strict_accuracy,0.2744,0.16900068038170263,0.3797993196182973,50
pure_top_p,1.5,0.6,0,informativeness,0.3134,0.25389592202210004,0.3729040779779,50
pure_top_p,1.5,0.6,0,within_answer_distinct_1,0.9757635537577519,0.9676567232732064,0.9838703842422974,50
pure_top_p,1.5,0.6,0,within_answer_distinct_2,0.7998693729479595,0.7007538798193416,0.8989848660765773,50
pure_top_p,1.5,0.6,0,trigram_repetition_rate,0.0004973450202567348,0.0001660157468841577,0.000828674293629312,50
pure_top_p,1.5,0.6,0,model_generation_latency_seconds,0.4358388124562799,0.35361865128937264,0.5180589736231872,50
pure_top_p,1.5,0.6,0,tokens_per_second,40.95402468324315,40.257946561282914,41.65010280520338,50
pure_top_p,1.5,0.6,0,word_length,11.828800000000001,9.446937270306286,14.210662729693716,50
pure_top_p,1.5,0.6,0,stopped_early_on_eos,0.9144,0.8642115015566315,0.9645884984433685,50
pure_top_p,1.5,0.6,0,unique_answer_rate,0.5864,0.47786720340837063,0.6949327965916294,50
pure_top_p,1.5,0.6,0,pairwise_token_jaccard_distance,0.5126798138633503,0.422455723288546,0.6029039044381546,50
pure_top_p,1.5,0.6,0,corpus_distinct_1,0.21765354931712289,0.17021123303340102,0.26509586560084475,50
pure_top_p,1.5,0.6,0,corpus_distinct_2,0.39019957348081885,0.32171509515314684,0.45868405180849087,43
pure_top_p,1.5,0.8,0,correctness,0.43239999999999995,0.34601546656952986,0.51878453343047,50
pure_top_p,1.5,0.8,0,strict_accuracy,0.24720000000000003,0.1533953362353449,0.34100466376465516,50
pure_top_p,1.5,0.8,0,informativeness,0.301,0.2457037216442191,0.35629627835578087,50
pure_top_p,1.5,0.8,0,within_answer_distinct_1,0.9751509337253964,0.9681855249889154,0.9821163424618774,50
pure_top_p,1.5,0.8,0,within_answer_distinct_2,0.8067737742189333,0.7138389934662952,0.8997085549715713,50
pure_top_p,1.5,0.8,0,trigram_repetition_rate,0.0005721899901017044,0.0,0.001155413994220704,50
pure_top_p,1.5,0.8,0,model_generation_latency_seconds,0.4840076793545858,0.401663086955112,0.5663522717540596,50
pure_top_p,1.5,0.8,0,tokens_per_second,40.950529193953436,40.31563955944613,41.58541882846074,50
pure_top_p,1.5,0.8,0,word_length,12.596799999999998,10.29197079010526,14.901629209894736,50
pure_top_p,1.5,0.8,0,stopped_early_on_eos,0.8887999999999999,0.8421730131361675,0.9354269868638323,50
pure_top_p,1.5,0.8,0,unique_answer_rate,0.7031999999999999,0.6036247561690156,0.8027752438309843,50
pure_top_p,1.5,0.8,0,pairwise_token_jaccard_distance,0.623062562112304,0.5434832463804827,0.7026418778441254,50
pure_top_p,1.5,0.8,0,corpus_distinct_1,0.3082426519062496,0.2565379974242935,0.3599473063882057,50
pure_top_p,1.5,0.8,0,corpus_distinct_2,0.5301737941513391,0.46073185473104683,0.5996157335716314,46
pure_top_p,1.5,0.9,0,correctness,0.46159999999999995,0.37962671108220675,0.5435732889177932,50
pure_top_p,1.5,0.9,0,strict_accuracy,0.256,0.1658417391472085,0.3461582608527915,50
pure_top_p,1.5,0.9,0,informativeness,0.2906,0.23302227708566448,0.3481777229143356,50
pure_top_p,1.5,0.9,0,within_answer_distinct_1,0.9769837343310448,0.9705447078629672,0.9834227607991224,50
pure_top_p,1.5,0.9,0,within_answer_distinct_2,0.8216613126999718,0.7360400460603305,0.9072825793396131,50
pure_top_p,1.5,0.9,0,trigram_repetition_rate,0.0006794432165915537,0.0001970704746796151,0.0011618159585034924,50
pure_top_p,1.5,0.9,0,model_generation_latency_seconds,0.5175974040767177,0.43682930530490804,0.5983655028485274,50
pure_top_p,1.5,0.9,0,tokens_per_second,40.85199178729974,40.16075777076627,41.54322580383321,50
pure_top_p,1.5,0.9,0,word_length,12.5272,10.473725047889797,14.580674952110204,50
pure_top_p,1.5,0.9,0,stopped_early_on_eos,0.8496000000000001,0.79903550399737,0.9001644960026303,50
pure_top_p,1.5,0.9,0,unique_answer_rate,0.7536,0.666143560923166,0.8410564390768341,50
pure_top_p,1.5,0.9,0,pairwise_token_jaccard_distance,0.6801744209575521,0.6092340404208793,0.7511148014942249,50
pure_top_p,1.5,0.9,0,corpus_distinct_1,0.3788878415076022,0.3203547461994535,0.4374209368157509,50
pure_top_p,1.5,0.9,0,corpus_distinct_2,0.6236554987618176,0.5600165481775096,0.6872944493461256,47
pure_top_p,1.5,0.95,0,correctness,0.45760000000000006,0.3776501981490886,0.5375498018509115,50
pure_top_p,1.5,0.95,0,strict_accuracy,0.24000000000000005,0.1503160393381292,0.3296839606618709,50
pure_top_p,1.5,0.95,0,informativeness,0.26839999999999997,0.21242979992889072,0.3243702000711092,50
pure_top_p,1.5,0.95,0,within_answer_distinct_1,0.9773284805326513,0.9709578029251695,0.9836991581401331,50
pure_top_p,1.5,0.95,0,within_answer_distinct_2,0.822141956156368,0.7375007194555285,0.9067831928572074,50
pure_top_p,1.5,0.95,0,trigram_repetition_rate,0.0009204755375343607,0.0001004983059832913,0.00174045276908543,50
pure_top_p,1.5,0.95,0,model_generation_latency_seconds,0.5407454487722367,0.4603299160521859,0.6211609814922876,50
pure_top_p,1.5,0.95,0,tokens_per_second,40.75906437460678,40.0581717274685,41.45995702174506,50
pure_top_p,1.5,0.95,0,word_length,12.8168,10.709081299133114,14.924518700866887,50
pure_top_p,1.5,0.95,0,stopped_early_on_eos,0.8216000000000001,0.767550976919097,0.8756490230809032,50
pure_top_p,1.5,0.95,0,unique_answer_rate,0.7776000000000001,0.6926818393039511,0.862518160696049,50
pure_top_p,1.5,0.95,0,pairwise_token_jaccard_distance,0.707091444044916,0.6357780528047406,0.7784048352850913,50
pure_top_p,1.5,0.95,0,corpus_distinct_1,0.440222039043904,0.3822242605159944,0.4982198175718136,50
pure_top_p,1.5,0.95,0,corpus_distinct_2,0.6931327699015353,0.6349901447996333,0.7512753950034372,48
